0,0,0,0,0,0,0,0,0,0,0,0,0,0,0,0,0,0,0,0,0,0,0,0,0,0,0,0,0,0,0,0,0,0,0,0,0,0,0,0,0,0,0,0,0,0,0,0,0,0,0,0,0,0,0,0,0,0,0,0,0,0,0,0,0,0,0,0,0,0,0,0,0,0,0,0,0,0,0,0,0,0,0,0,0,0,0,0,0,0,0,0,0,0,0,0,0,0,0,0,0
1.56,7.23,12.9,18.56,24.23,29.89,35.56,41.23,46.89,52.56,58.22,63.89,69.56,75.22,80.89,86.55,92.22,97.89,103.55,109.22,114.88,120.55,126.22,131.88,137.55,143.21,148.88,154.55,160.21,165.88,171.55,177.21,182.88,188.54,194.21,199.88,205.54,211.21,216.87,222.54,228.21,233.87,239.54,245.2,250.87,256.54,262.2,267.87,273.53,279.2,284.87,290.53,296.2,301.86,307.53,313.2,318.86,324.53,330.19,335.86,341.53,347.19,352.86,358.53,364.19,369.86,375.52,381.19,386.86,392.52,398.19,403.85,409.52,415.19,420.85,426.52,432.18,437.85,443.52,449.18,454.85,460.51,466.18,471.85,477.51,483.18,488.84,494.51,500.18,505.84,511.51,517.18,522.84,528.51,534.17,539.84,545.51,551.17,556.84,562.5,568.17
2.3,13.23,24.16,35.09,46.02,56.95,67.88,78.81,89.74,100.67,111.6,122.53,133.45,144.38,155.31,166.24,177.17,188.1,199.03,209.96,220.89,231.82,242.75,253.67,264.6,275.53,286.46,297.39,308.32,319.25,330.18,341.11,352.04,362.97,373.9,384.82,395.75,406.68,417.61,428.54,439.47,450.4,461.33,472.26,483.19,494.12,505.05,515.97,526.9,537.83,548.76,559.69,570.62,581.55,592.48,603.41,614.34,625.27,636.2,647.12,658.05,668.98,679.91,690.84,701.77,712.7,723.63,734.56,745.49,756.42,767.35,778.27,789.2,800.13,811.06,821.99,832.92,843.85,854.78,865.71,876.64,887.57,898.5,909.42,920.35,931.28,942.21,953.14,964.07,975,985.93,996.86,1007.79,1018.72,1029.64,1040.57,1051.5,1062.43,1073.36,1084.29,1095.22
2.29,18.12,33.94,49.77,65.59,81.41,97.24,113.06,128.88,144.71,160.53,176.36,192.18,208,223.83,239.65,255.47,271.3,287.12,302.95,318.77,334.59,350.42,366.24,382.07,397.89,413.71,429.54,445.36,461.18,477.01,492.83,508.66,524.48,540.3,556.13,571.95,587.78,603.6,619.42,635.25,651.07,666.89,682.72,698.54,714.37,730.19,746.01,761.84,777.66,793.48,809.31,825.13,840.96,856.78,872.6,888.43,904.25,920.08,935.9,951.72,967.55,983.37,999.19,1015.02,1030.84,1046.67,1062.49,1078.31,1094.14,1109.96,1125.79,1141.61,1157.43,1173.26,1189.08,1204.9,1220.73,1236.55,1252.38,1268.2,1284.02,1299.85,1315.67,1331.5,1347.32,1363.14,1378.97,1394.79,1410.61,1426.44,1442.26,1458.09,1473.91,1489.73,1505.56,1521.38,1537.2,1553.03,1568.85,1584.68
1.59,21.98,42.36,62.74,83.12,103.5,123.88,144.26,164.64,185.03,205.41,225.79,246.17,266.55,286.93,307.31,327.69,348.08,368.46,388.84,409.22,429.6,449.98,470.36,490.74,511.12,531.51,551.89,572.27,592.65,613.03,633.41,653.79,674.17,694.56,714.94,735.32,755.7,776.08,796.46,816.84,837.22,857.61,877.99,898.37,918.75,939.13,959.51,979.89,1000.27,1020.66,1041.04,1061.42,1081.8,1102.18,1122.56,1142.94,1163.32,1183.71,1204.09,1224.47,1244.85,1265.23,1285.61,1305.99,1326.37,1346.76,1367.14,1387.52,1407.9,1428.28,1448.66,1469.04,1489.42,1509.8,1530.19,1550.57,1570.95,1591.33,1611.71,1632.09,1652.47,1672.85,1693.24,1713.62,1734,1754.38,1774.76,1795.14,1815.52,1835.9,1856.29,1876.67,1897.05,1917.43,1937.81,1958.19,1978.57,1998.95,2019.34,2039.72
0.26,24.89,49.52,74.15,98.78,123.41,148.04,172.67,197.3,221.93,246.56,271.19,295.82,320.45,345.08,369.71,394.34,418.96,443.59,468.22,492.85,517.48,542.11,566.74,591.37,616,640.63,665.26,689.89,714.52,739.15,763.78,788.41,813.04,837.67,862.29,886.92,911.55,936.18,960.81,985.44,1010.07,1034.7,1059.33,1083.96,1108.59,1133.22,1157.85,1182.48,1207.11,1231.74,1256.37,1281,1305.62,1330.25,1354.88,1379.51,1404.14,1428.77,1453.4,1478.03,1502.66,1527.29,1551.92,1576.55,1601.18,1625.81,1650.44,1675.07,1699.7,1724.33,1748.95,1773.58,1798.21,1822.84,1847.47,1872.1,1896.73,1921.36,1945.99,1970.62,1995.25,2019.88,2044.51,2069.14,2093.77,2118.4,2143.03,2167.66,2192.28,2216.91,2241.54,2266.17,2290.8,2315.43,2340.06,2364.69,2389.32,2413.95,2438.58,2463.21
-1.65,26.95,55.54,84.14,112.73,141.32,169.92,198.51,227.11,255.7,284.29,312.89,341.48,370.08,398.67,427.26,455.86,484.45,513.04,541.64,570.23,598.83,627.42,656.01,684.61,713.2,741.8,770.39,798.98,827.58,856.17,884.77,913.36,941.95,970.55,999.14,1027.74,1056.33,1084.92,1113.52,1142.11,1170.7,1199.3,1227.89,1256.49,1285.08,1313.67,1342.27,1370.86,1399.46,1428.05,1456.64,1485.24,1513.83,1542.43,1571.02,1599.61,1628.21,1656.8,1685.39,1713.99,1742.58,1771.18,1799.77,1828.36,1856.96,1885.55,1914.15,1942.74,1971.33,1999.93,2028.52,2057.12,2085.71,2114.3,2142.9,2171.49,2200.08,2228.68,2257.27,2285.87,2314.46,2343.05,2371.65,2400.24,2428.84,2457.43,2486.02,2514.62,2543.21,2571.81,2600.4,2628.99,2657.59,2686.18,2714.77,2743.37,2771.96,2800.56,2829.15,2857.74
-4.09,28.21,60.51,92.81,125.1,157.4,189.7,222,254.29,286.59,318.89,351.19,383.48,415.78,448.08,480.38,512.67,544.97,577.27,609.57,641.86,674.16,706.46,738.76,771.05,803.35,835.65,867.95,900.25,932.54,964.84,997.14,1029.44,1061.73,1094.03,1126.33,1158.63,1190.92,1223.22,1255.52,1287.82,1320.11,1352.41,1384.71,1417.01,1449.3,1481.6,1513.9,1546.2,1578.49,1610.79,1643.09,1675.39,1707.68,1739.98,1772.28,1804.58,1836.87,1869.17,1901.47,1933.77,1966.06,1998.36,2030.66,2062.96,2095.25,2127.55,2159.85,2192.15,2224.44,2256.74,2289.04,2321.34,2353.64,2385.93,2418.23,2450.53,2482.83,2515.12,2547.42,2579.72,2612.02,2644.31,2676.61,2708.91,2741.21,2773.5,2805.8,2838.1,2870.4,2902.69,2934.99,2967.29,2999.59,3031.88,3064.18,3096.48,3128.78,3161.07,3193.37,3225.67
-7.02,28.74,64.5,100.27,136.03,171.79,207.55,243.31,279.07,314.83,350.59,386.36,422.12,457.88,493.64,529.4,565.16,600.92,636.69,672.45,708.21,743.97,779.73,815.49,851.25,887.01,922.78,958.54,994.3,1030.06,1065.82,1101.58,1137.34,1173.1,1208.87,1244.63,1280.39,1316.15,1351.91,1387.67,1423.43,1459.19,1494.96,1530.72,1566.48,1602.24,1638,1673.76,1709.52,1745.28,1781.05,1816.81,1852.57,1888.33,1924.09,1959.85,1995.61,2031.37,2067.14,2102.9,2138.66,2174.42,2210.18,2245.94,2281.7,2317.47,2353.23,2388.99,2424.75,2460.51,2496.27,2532.03,2567.79,2603.56,2639.32,2675.08,2710.84,2746.6,2782.36,2818.12,2853.88,2889.65,2925.41,2961.17,2996.93,3032.69,3068.45,3104.21,3139.97,3175.74,3211.5,3247.26,3283.02,3318.78,3354.54,3390.3,3426.06,3461.83,3497.59,3533.35,3569.11
-10.4,28.6,67.61,106.61,145.62,184.62,223.62,262.63,301.63,340.64,379.64,418.64,457.65,496.65,535.66,574.66,613.66,652.67,691.67,730.67,769.68,808.68,847.69,886.69,925.69,964.7,1003.7,1042.71,1081.71,1120.71,1159.72,1198.72,1237.73,1276.73,1315.73,1354.74,1393.74,1432.75,1471.75,1510.75,1549.76,1588.76,1627.77,1666.77,1705.77,1744.78,1783.78,1822.79,1861.79,1900.79,1939.8,1978.8,2017.81,2056.81,2095.81,2134.82,2173.82,2212.82,2251.83,2290.83,2329.84,2368.84,2407.84,2446.85,2485.85,2524.86,2563.86,2602.86,2641.87,2680.87,2719.88,2758.88,2797.88,2836.89,2875.89,2914.9,2953.9,2992.9,3031.91,3070.91,3109.92,3148.92,3187.92,3226.93,3265.93,3304.94,3343.94,3382.94,3421.95,3460.95,3499.96,3538.96,3577.96,3616.97,3655.97,3694.97,3733.98,3772.98,3811.99,3850.99,3889.99
-14.2,27.84,69.89,111.93,153.97,196.02,238.06,280.1,322.14,364.19,406.23,448.27,490.31,532.36,574.4,616.44,658.49,700.53,742.57,784.61,826.66,868.7,910.74,952.78,994.83,1036.87,1078.91,1120.96,1163,1205.04,1247.08,1289.13,1331.17,1373.21,1415.26,1457.3,1499.34,1541.38,1583.43,1625.47,1667.51,1709.55,1751.6,1793.64,1835.68,1877.73,1919.77,1961.81,2003.85,2045.9,2087.94,2129.98,2172.02,2214.07,2256.11,2298.15,2340.2,2382.24,2424.28,2466.32,2508.37,2550.41,2592.45,2634.5,2676.54,2718.58,2760.62,2802.67,2844.71,2886.75,2928.79,2970.84,3012.88,3054.92,3096.97,3139.01,3181.05,3223.09,3265.14,3307.18,3349.22,3391.26,3433.31,3475.35,3517.39,3559.44,3601.48,3643.52,3685.56,3727.61,3769.65,3811.69,3853.73,3895.78,3937.82,3979.86,4021.91,4063.95,4105.99,4148.03,4190.08
-18.38,26.51,71.41,116.3,161.19,206.09,250.98,295.87,340.77,385.66,430.55,475.45,520.34,565.23,610.13,655.02,699.91,744.81,789.7,834.59,879.49,924.38,969.27,1014.17,1059.06,1103.95,1148.85,1193.74,1238.63,1283.53,1328.42,1373.31,1418.21,1463.1,1507.99,1552.89,1597.78,1642.67,1687.57,1732.46,1777.35,1822.25,1867.14,1912.03,1956.93,2001.82,2046.71,2091.6,2136.5,2181.39,2226.28,2271.18,2316.07,2360.96,2405.86,2450.75,2495.64,2540.54,2585.43,2630.32,2675.22,2720.11,2765,2809.9,2854.79,2899.68,2944.58,2989.47,3034.36,3079.26,3124.15,3169.04,3213.94,3258.83,3303.72,3348.62,3393.51,3438.4,3483.3,3528.19,3573.08,3617.98,3662.87,3707.76,3752.66,3797.55,3842.44,3887.34,3932.23,3977.12,4022.02,4066.91,4111.8,4156.7,4201.59,4246.48,4291.38,4336.27,4381.16,4426.06,4470.95
-22.92,24.65,72.22,119.79,167.36,214.93,262.5,310.07,357.64,405.21,452.78,500.35,547.92,595.49,643.06,690.63,738.2,785.77,833.34,880.91,928.48,976.05,1023.62,1071.19,1118.76,1166.33,1213.9,1261.47,1309.04,1356.61,1404.18,1451.75,1499.32,1546.89,1594.46,1642.03,1689.6,1737.17,1784.74,1832.31,1879.88,1927.45,1975.02,2022.59,2070.16,2117.73,2165.3,2212.87,2260.44,2308.01,2355.58,2403.15,2450.71,2498.28,2545.85,2593.42,2640.99,2688.56,2736.13,2783.7,2831.27,2878.84,2926.41,2973.98,3021.55,3069.12,3116.69,3164.26,3211.83,3259.4,3306.97,3354.54,3402.11,3449.68,3497.25,3544.82,3592.39,3639.96,3687.53,3735.1,3782.67,3830.24,3877.81,3925.38,3972.95,4020.52,4068.09,4115.66,4163.23,4210.8,4258.37,4305.94,4353.51,4401.08,4448.65,4496.22,4543.79,4591.36,4638.93,4686.5,4734.07
-27.78,22.3,72.39,122.47,172.56,222.64,272.73,322.81,372.9,422.98,473.07,523.15,573.24,623.33,673.41,723.5,773.58,823.67,873.75,923.84,973.92,1024.01,1074.09,1124.18,1174.26,1224.35,1274.44,1324.52,1374.61,1424.69,1474.78,1524.86,1574.95,1625.03,1675.12,1725.2,1775.29,1825.38,1875.46,1925.55,1975.63,2025.72,2075.8,2125.89,2175.97,2226.06,2276.14,2326.23,2376.31,2426.4,2476.49,2526.57,2576.66,2626.74,2676.83,2726.91,2777,2827.08,2877.17,2927.25,2977.34,3027.43,3077.51,3127.6,3177.68,3227.77,3277.85,3327.94,3378.02,3428.11,3478.19,3528.28,3578.36,3628.45,3678.54,3728.62,3778.71,3828.79,3878.88,3928.96,3979.05,4029.13,4079.22,4129.3,4179.39,4229.47,4279.56,4329.65,4379.73,4429.82,4479.9,4529.99,4580.07,4630.16,4680.24,4730.33,4780.41,4830.5,4880.59,4930.67,4980.76
-32.96,19.5,71.95,124.4,176.85,229.3,281.76,334.21,386.66,439.11,491.56,544.01,596.47,648.92,701.37,753.82,806.27,858.72,911.18,963.63,1016.08,1068.53,1120.98,1173.44,1225.89,1278.34,1330.79,1383.24,1435.69,1488.15,1540.6,1593.05,1645.5,1697.95,1750.4,1802.86,1855.31,1907.76,1960.21,2012.66,2065.12,2117.57,2170.02,2222.47,2274.92,2327.37,2379.83,2432.28,2484.73,2537.18,2589.63,2642.08,2694.54,2746.99,2799.44,2851.89,2904.34,2956.8,3009.25,3061.7,3114.15,3166.6,3219.05,3271.51,3323.96,3376.41,3428.86,3481.31,3533.76,3586.22,3638.67,3691.12,3743.57,3796.02,3848.48,3900.93,3953.38,4005.83,4058.28,4110.73,4163.19,4215.64,4268.09,4320.54,4372.99,4425.44,4477.9,4530.35,4582.8,4635.25,4687.7,4740.16,4792.61,4845.06,4897.51,4949.96,5002.41,5054.87,5107.32,5159.77,5212.22
-38.41,16.27,70.95,125.63,180.31,234.99,289.67,344.35,399.03,453.71,508.39,563.07,617.75,672.43,727.11,781.79,836.47,891.15,945.83,1000.51,1055.19,1109.87,1164.55,1219.23,1273.91,1328.59,1383.27,1437.95,1492.63,1547.3,1601.98,1656.66,1711.34,1766.02,1820.7,1875.38,1930.06,1984.74,2039.42,2094.1,2148.78,2203.46,2258.14,2312.82,2367.5,2422.18,2476.86,2531.54,2586.22,2640.9,2695.58,2750.26,2804.94,2859.62,2914.3,2968.98,3023.66,3078.34,3133.02,3187.7,3242.38,3297.06,3351.74,3406.42,3461.1,3515.78,3570.46,3625.14,3679.82,3734.5,3789.18,3843.86,3898.54,3953.22,4007.9,4062.57,4117.25,4171.93,4226.61,4281.29,4335.97,4390.65,4445.33,4500.01,4554.69,4609.37,4664.05,4718.73,4773.41,4828.09,4882.77,4937.45,4992.13,5046.81,5101.49,5156.17,5210.85,5265.53,5320.21,5374.89,5429.57
-44.12,12.66,69.43,126.21,182.99,239.77,296.55,353.33,410.11,466.89,523.67,580.45,637.23,694.01,750.79,807.57,864.35,921.13,977.9,1034.68,1091.46,1148.24,1205.02,1261.8,1318.58,1375.36,1432.14,1488.92,1545.7,1602.48,1659.26,1716.04,1772.82,1829.6,1886.37,1943.15,1999.93,2056.71,2113.49,2170.27,2227.05,2283.83,2340.61,2397.39,2454.17,2510.95,2567.73,2624.51,2681.29,2738.07,2794.84,2851.62,2908.4,2965.18,3021.96,3078.74,3135.52,3192.3,3249.08,3305.86,3362.64,3419.42,3476.2,3532.98,3589.76,3646.53,3703.31,3760.09,3816.87,3873.65,3930.43,3987.21,4043.99,4100.77,4157.55,4214.33,4271.11,4327.89,4384.67,4441.45,4498.23,4555,4611.78,4668.56,4725.34,4782.12,4838.9,4895.68,4952.46,5009.24,5066.02,5122.8,5179.58,5236.36,5293.14,5349.92,5406.7,5463.47,5520.25,5577.03,5633.81
-50.08,8.68,67.44,126.2,184.96,243.72,302.48,361.23,419.99,478.75,537.51,596.27,655.03,713.79,772.55,831.31,890.07,948.83,1007.59,1066.35,1125.11,1183.87,1242.63,1301.39,1360.15,1418.91,1477.67,1536.43,1595.19,1653.95,1712.71,1771.47,1830.22,1888.98,1947.74,2006.5,2065.26,2124.02,2182.78,2241.54,2300.3,2359.06,2417.82,2476.58,2535.34,2594.1,2652.86,2711.62,2770.38,2829.14,2887.9,2946.66,3005.42,3064.18,3122.94,3181.7,3240.46,3299.22,3357.97,3416.73,3475.49,3534.25,3593.01,3651.77,3710.53,3769.29,3828.05,3886.81,3945.57,4004.33,4063.09,4121.85,4180.61,4239.37,4298.13,4356.89,4415.65,4474.41,4533.17,4591.93,4650.69,4709.45,4768.21,4826.96,4885.72,4944.48,5003.24,5062,5120.76,5179.52,5238.28,5297.04,5355.8,5414.56,5473.32,5532.08,5590.84,5649.6,5708.36,5767.12,5825.88
-56.27,4.36,64.99,125.62,186.25,246.88,307.51,368.13,428.76,489.39,550.02,610.65,671.28,731.91,792.54,853.16,913.79,974.42,1035.05,1095.68,1156.31,1216.94,1277.57,1338.2,1398.82,1459.45,1520.08,1580.71,1641.34,1701.97,1762.6,1823.23,1883.85,1944.48,2005.11,2065.74,2126.37,2187,2247.63,2308.26,2368.89,2429.51,2490.14,2550.77,2611.4,2672.03,2732.66,2793.29,2853.92,2914.55,2975.17,3035.8,3096.43,3157.06,3217.69,3278.32,3338.95,3399.58,3460.2,3520.83,3581.46,3642.09,3702.72,3763.35,3823.98,3884.61,3945.24,4005.86,4066.49,4127.12,4187.75,4248.38,4309.01,4369.64,4430.27,4490.89,4551.52,4612.15,4672.78,4733.41,4794.04,4854.67,4915.3,4975.93,5036.55,5097.18,5157.81,5218.44,5279.07,5339.7,5400.33,5460.96,5521.58,5582.21,5642.84,5703.47,5764.1,5824.73,5885.36,5945.99,6006.62
-62.66,-0.27,62.13,124.52,186.91,249.31,311.7,374.1,436.49,498.89,561.28,623.68,686.07,748.47,810.86,873.26,935.65,998.05,1060.44,1122.84,1185.23,1247.62,1310.02,1372.41,1434.81,1497.2,1559.6,1621.99,1684.39,1746.78,1809.18,1871.57,1933.97,1996.36,2058.76,2121.15,2183.54,2245.94,2308.33,2370.73,2433.12,2495.52,2557.91,2620.31,2682.7,2745.1,2807.49,2869.89,2932.28,2994.68,3057.07,3119.47,3181.86,3244.25,3306.65,3369.04,3431.44,3493.83,3556.23,3618.62,3681.02,3743.41,3805.81,3868.2,3930.6,3992.99,4055.39,4117.78,4180.18,4242.57,4304.96,4367.36,4429.75,4492.15,4554.54,4616.94,4679.33,4741.73,4804.12,4866.52,4928.91,4991.31,5053.7,5116.1,5178.49,5240.88,5303.28,5365.67,5428.07,5490.46,5552.86,5615.25,5677.65,5740.04,5802.44,5864.83,5927.23,5989.62,6052.02,6114.41,6176.81
-69.26,-5.19,58.87,122.94,187,251.06,315.13,379.19,443.26,507.32,571.39,635.45,699.51,763.58,827.64,891.71,955.77,1019.83,1083.9,1147.96,1212.03,1276.09,1340.16,1404.22,1468.28,1532.35,1596.41,1660.48,1724.54,1788.61,1852.67,1916.73,1980.8,2044.86,2108.93,2172.99,2237.05,2301.12,2365.18,2429.25,2493.31,2557.38,2621.44,2685.5,2749.57,2813.63,2877.7,2941.76,3005.83,3069.89,3133.95,3198.02,3262.08,3326.15,3390.21,3454.27,3518.34,3582.4,3646.47,3710.53,3774.6,3838.66,3902.72,3966.79,4030.85,4094.92,4158.98,4223.05,4287.11,4351.17,4415.24,4479.3,4543.37,4607.43,4671.5,4735.56,4799.62,4863.69,4927.75,4991.82,5055.88,5119.94,5184.01,5248.07,5312.14,5376.2,5440.27,5504.33,5568.39,5632.46,5696.52,5760.59,5824.65,5888.72,5952.78,6016.84,6080.91,6144.97,6209.04,6273.1,6337.16
-76.03,-10.39,55.25,120.9,186.54,252.19,317.83,383.47,449.12,514.76,580.41,646.05,711.69,777.34,842.98,908.63,974.27,1039.91,1105.56,1171.2,1236.84,1302.49,1368.13,1433.78,1499.42,1565.06,1630.71,1696.35,1762,1827.64,1893.28,1958.93,2024.57,2090.21,2155.86,2221.5,2287.15,2352.79,2418.43,2484.08,2549.72,2615.37,2681.01,2746.65,2812.3,2877.94,2943.58,3009.23,3074.87,3140.52,3206.16,3271.8,3337.45,3403.09,3468.74,3534.38,3600.02,3665.67,3731.31,3796.96,3862.6,3928.24,3993.89,4059.53,4125.17,4190.82,4256.46,4322.11,4387.75,4453.39,4519.04,4584.68,4650.33,4715.97,4781.61,4847.26,4912.9,4978.54,5044.19,5109.83,5175.48,5241.12,5306.76,5372.41,5438.05,5503.7,5569.34,5634.98,5700.63,5766.27,5831.92,5897.56,5963.2,6028.85,6094.49,6160.13,6225.78,6291.42,6357.07,6422.71,6488.35
-82.98,-15.84,51.3,118.44,185.58,252.72,319.86,387,454.14,521.28,588.42,655.56,722.69,789.83,856.97,924.11,991.25,1058.39,1125.53,1192.67,1259.81,1326.95,1394.09,1461.23,1528.37,1595.51,1662.65,1729.79,1796.93,1864.07,1931.21,1998.35,2065.49,2132.63,2199.77,2266.91,2334.05,2401.19,2468.32,2535.46,2602.6,2669.74,2736.88,2804.02,2871.16,2938.3,3005.44,3072.58,3139.72,3206.86,3274,3341.14,3408.28,3475.42,3542.56,3609.7,3676.84,3743.98,3811.12,3878.26,3945.4,4012.54,4079.68,4146.82,4213.95,4281.09,4348.23,4415.37,4482.51,4549.65,4616.79,4683.93,4751.07,4818.21,4885.35,4952.49,5019.63,5086.77,5153.91,5221.05,5288.19,5355.33,5422.47,5489.61,5556.75,5623.89,5691.03,5758.17,5825.31,5892.44,5959.58,6026.72,6093.86,6161,6228.14,6295.28,6362.42,6429.56,6496.7,6563.84,6630.98
-90.09,-21.53,47.03,115.58,184.14,252.7,321.25,389.81,458.37,526.92,595.48,664.04,732.6,801.15,869.71,938.27,1006.82,1075.38,1143.94,1212.49,1281.05,1349.61,1418.16,1486.72,1555.28,1623.84,1692.39,1760.95,1829.51,1898.06,1966.62,2035.18,2103.73,2172.29,2240.85,2309.4,2377.96,2446.52,2515.08,2583.63,2652.19,2720.75,2789.3,2857.86,2926.42,2994.97,3063.53,3132.09,3200.65,3269.2,3337.76,3406.32,3474.87,3543.43,3611.99,3680.54,3749.1,3817.66,3886.21,3954.77,4023.33,4091.89,4160.44,4229,4297.56,4366.11,4434.67,4503.23,4571.78,4640.34,4708.9,4777.45,4846.01,4914.57,4983.13,5051.68,5120.24,5188.8,5257.35,5325.91,5394.47,5463.02,5531.58,5600.14,5668.69,5737.25,5805.81,5874.37,5942.92,6011.48,6080.04,6148.59,6217.15,6285.71,6354.26,6422.82,6491.38,6559.93,6628.49,6697.05,6765.61
-97.35,-27.44,42.46,112.36,182.26,252.16,322.06,391.96,461.86,531.76,601.66,671.56,741.47,811.37,881.27,951.17,1021.07,1090.97,1160.87,1230.77,1300.67,1370.57,1440.47,1510.38,1580.28,1650.18,1720.08,1789.98,1859.88,1929.78,1999.68,2069.58,2139.48,2209.38,2279.29,2349.19,2419.09,2488.99,2558.89,2628.79,2698.69,2768.59,2838.49,2908.39,2978.29,3048.2,3118.1,3188,3257.9,3327.8,3397.7,3467.6,3537.5,3607.4,3677.3,3747.21,3817.11,3887.01,3956.91,4026.81,4096.71,4166.61,4236.51,4306.41,4376.31,4446.21,4516.12,4586.02,4655.92,4725.82,4795.72,4865.62,4935.52,5005.42,5075.32,5145.22,5215.12,5285.03,5354.93,5424.83,5494.73,5564.63,5634.53,5704.43,5774.33,5844.23,5914.13,5984.03,6053.94,6123.84,6193.74,6263.64,6333.54,6403.44,6473.34,6543.24,6613.14,6683.04,6752.94,6822.85,6892.75
-104.74,-33.57,37.61,108.79,179.96,251.14,322.31,393.49,464.67,535.84,607.02,678.2,749.37,820.55,891.72,962.9,1034.08,1105.25,1176.43,1247.61,1318.78,1389.96,1461.13,1532.31,1603.49,1674.66,1745.84,1817.02,1888.19,1959.37,2030.54,2101.72,2172.9,2244.07,2315.25,2386.43,2457.6,2528.78,2599.95,2671.13,2742.31,2813.48,2884.66,2955.83,3027.01,3098.19,3169.36,3240.54,3311.72,3382.89,3454.07,3525.24,3596.42,3667.6,3738.77,3809.95,3881.13,3952.3,4023.48,4094.65,4165.83,4237.01,4308.18,4379.36,4450.54,4521.71,4592.89,4664.06,4735.24,4806.42,4877.59,4948.77,5019.95,5091.12,5162.3,5233.47,5304.65,5375.83,5447,5518.18,5589.35,5660.53,5731.71,5802.88,5874.06,5945.24,6016.41,6087.59,6158.76,6229.94,6301.12,6372.29,6443.47,6514.65,6585.82,6657,6728.17,6799.35,6870.53,6941.7,7012.88
-112.27,-39.88,32.5,104.89,177.28,249.66,322.05,394.44,466.83,539.21,611.6,683.99,756.38,828.76,901.15,973.54,1045.92,1118.31,1190.7,1263.09,1335.47,1407.86,1480.25,1552.63,1625.02,1697.41,1769.8,1842.18,1914.57,1986.96,2059.34,2131.73,2204.12,2276.51,2348.89,2421.28,2493.67,2566.05,2638.44,2710.83,2783.22,2855.6,2927.99,3000.38,3072.77,3145.15,3217.54,3289.93,3362.31,3434.7,3507.09,3579.48,3651.86,3724.25,3796.64,3869.02,3941.41,4013.8,4086.19,4158.57,4230.96,4303.35,4375.73,4448.12,4520.51,4592.9,4665.28,4737.67,4810.06,4882.44,4954.83,5027.22,5099.61,5171.99,5244.38,5316.77,5389.15,5461.54,5533.93,5606.32,5678.7,5751.09,5823.48,5895.87,5968.25,6040.64,6113.03,6185.41,6257.8,6330.19,6402.58,6474.96,6547.35,6619.74,6692.12,6764.51,6836.9,6909.29,6981.67,7054.06,7126.45
-119.92,-46.39,27.15,100.69,174.23,247.77,321.3,394.84,468.38,541.92,615.46,688.99,762.53,836.07,909.61,983.14,1056.68,1130.22,1203.76,1277.3,1350.83,1424.37,1497.91,1571.45,1644.98,1718.52,1792.06,1865.6,1939.14,2012.67,2086.21,2159.75,2233.29,2306.83,2380.36,2453.9,2527.44,2600.98,2674.51,2748.05,2821.59,2895.13,2968.67,3042.2,3115.74,3189.28,3262.82,3336.35,3409.89,3483.43,3556.97,3630.51,3704.04,3777.58,3851.12,3924.66,3998.19,4071.73,4145.27,4218.81,4292.35,4365.88,4439.42,4512.96,4586.5,4660.04,4733.57,4807.11,4880.65,4954.19,5027.72,5101.26,5174.8,5248.34,5321.88,5395.41,5468.95,5542.49,5616.03,5689.56,5763.1,5836.64,5910.18,5983.72,6057.25,6130.79,6204.33,6277.87,6351.41,6424.94,6498.48,6572.02,6645.56,6719.09,6792.63,6866.17,6939.71,7013.25,7086.78,7160.32,7233.86
-127.69,-53.06,21.57,96.21,170.84,245.47,320.1,394.73,469.36,544,618.63,693.26,767.89,842.52,917.16,991.79,1066.42,1141.05,1215.68,1290.31,1364.95,1439.58,1514.21,1588.84,1663.47,1738.11,1812.74,1887.37,1962,2036.63,2111.26,2185.9,2260.53,2335.16,2409.79,2484.42,2559.06,2633.69,2708.32,2782.95,2857.58,2932.21,3006.85,3081.48,3156.11,3230.74,3305.37,3380.01,3454.64,3529.27,3603.9,3678.53,3753.16,3827.8,3902.43,3977.06,4051.69,4126.32,4200.96,4275.59,4350.22,4424.85,4499.48,4574.12,4648.75,4723.38,4798.01,4872.64,4947.27,5021.91,5096.54,5171.17,5245.8,5320.43,5395.07,5469.7,5544.33,5618.96,5693.59,5768.22,5842.86,5917.49,5992.12,6066.75,6141.38,6216.02,6290.65,6365.28,6439.91,6514.54,6589.17,6663.81,6738.44,6813.07,6887.7,6962.33,7036.97,7111.6,7186.23,7260.86,7335.49
-135.57,-59.89,15.78,91.45,167.12,242.8,318.47,394.14,469.82,545.49,621.16,696.83,772.51,848.18,923.85,999.52,1075.2,1150.87,1226.54,1302.21,1377.89,1453.56,1529.23,1604.91,1680.58,1756.25,1831.92,1907.6,1983.27,2058.94,2134.61,2210.29,2285.96,2361.63,2437.3,2512.98,2588.65,2664.32,2739.99,2815.67,2891.34,2967.01,3042.69,3118.36,3194.03,3269.7,3345.38,3421.05,3496.72,3572.39,3648.07,3723.74,3799.41,3875.08,3950.76,4026.43,4102.1,4177.78,4253.45,4329.12,4404.79,4480.47,4556.14,4631.81,4707.48,4783.16,4858.83,4934.5,5010.17,5085.85,5161.52,5237.19,5312.87,5388.54,5464.21,5539.88,5615.56,5691.23,5766.9,5842.57,5918.25,5993.92,6069.59,6145.26,6220.94,6296.61,6372.28,6447.96,6523.63,6599.3,6674.97,6750.65,6826.32,6901.99,6977.66,7053.34,7129.01,7204.68,7280.35,7356.03,7431.7
-143.54,-66.88,9.78,86.45,163.11,239.77,316.44,393.1,469.76,546.43,623.09,699.75,776.42,853.08,929.75,1006.41,1083.07,1159.74,1236.4,1313.06,1389.73,1466.39,1543.05,1619.72,1696.38,1773.04,1849.71,1926.37,2003.03,2079.7,2156.36,2233.02,2309.69,2386.35,2463.02,2539.68,2616.34,2693.01,2769.67,2846.33,2923,2999.66,3076.32,3152.99,3229.65,3306.31,3382.98,3459.64,3536.3,3612.97,3689.63,3766.29,3842.96,3919.62,3996.28,4072.95,4149.61,4226.28,4302.94,4379.6,4456.27,4532.93,4609.59,4686.26,4762.92,4839.58,4916.25,4992.91,5069.57,5146.24,5222.9,5299.56,5376.23,5452.89,5529.55,5606.22,5682.88,5759.55,5836.21,5912.87,5989.54,6066.2,6142.86,6219.53,6296.19,6372.85,6449.52,6526.18,6602.84,6679.51,6756.17,6832.83,6909.5,6986.16,7062.82,7139.49,7216.15,7292.82,7369.48,7446.14,7522.81
-151.62,-74.01,3.6,81.2,158.81,236.42,314.03,391.63,469.24,546.85,624.46,702.06,779.67,857.28,934.88,1012.49,1090.1,1167.71,1245.31,1322.92,1400.53,1478.14,1555.74,1633.35,1710.96,1788.57,1866.17,1943.78,2021.39,2098.99,2176.6,2254.21,2331.82,2409.42,2487.03,2564.64,2642.25,2719.85,2797.46,2875.07,2952.67,3030.28,3107.89,3185.5,3263.1,3340.71,3418.32,3495.93,3573.53,3651.14,3728.75,3806.36,3883.96,3961.57,4039.18,4116.78,4194.39,4272,4349.61,4427.21,4504.82,4582.43,4660.04,4737.64,4815.25,4892.86,4970.46,5048.07,5125.68,5203.29,5280.89,5358.5,5436.11,5513.72,5591.32,5668.93,5746.54,5824.15,5901.75,5979.36,6056.97,6134.57,6212.18,6289.79,6367.4,6445,6522.61,6600.22,6677.83,6755.43,6833.04,6910.65,6988.26,7065.86,7143.47,7221.08,7298.68,7376.29,7453.9,7531.51,7609.11
-159.78,-81.28,-2.77,75.74,154.25,232.75,311.26,389.77,468.27,546.78,625.29,703.79,782.3,860.81,939.31,1017.82,1096.33,1174.83,1253.34,1331.85,1410.36,1488.86,1567.37,1645.88,1724.38,1802.89,1881.4,1959.9,2038.41,2116.92,2195.42,2273.93,2352.44,2430.94,2509.45,2587.96,2666.47,2744.97,2823.48,2901.99,2980.49,3059,3137.51,3216.01,3294.52,3373.03,3451.53,3530.04,3608.55,3687.05,3765.56,3844.07,3922.57,4001.08,4079.59,4158.1,4236.6,4315.11,4393.62,4472.12,4550.63,4629.14,4707.64,4786.15,4864.66,4943.16,5021.67,5100.18,5178.68,5257.19,5335.7,5414.21,5492.71,5571.22,5649.73,5728.23,5806.74,5885.25,5963.75,6042.26,6120.77,6199.27,6277.78,6356.29,6434.79,6513.3,6591.81,6670.32,6748.82,6827.33,6905.84,6984.34,7062.85,7141.36,7219.86,7298.37,7376.88,7455.38,7533.89,7612.4,7690.9
-168.03,-88.67,-9.3,70.06,149.43,228.79,308.16,387.52,466.89,546.25,625.62,704.98,784.35,863.71,943.07,1022.44,1101.8,1181.17,1260.53,1339.9,1419.26,1498.63,1577.99,1657.36,1736.72,1816.09,1895.45,1974.82,2054.18,2133.55,2212.91,2292.27,2371.64,2451,2530.37,2609.73,2689.1,2768.46,2847.83,2927.19,3006.56,3085.92,3165.29,3244.65,3324.02,3403.38,3482.75,3562.11,3641.47,3720.84,3800.2,3879.57,3958.93,4038.3,4117.66,4197.03,4276.39,4355.76,4435.12,4514.49,4593.85,4673.22,4752.58,4831.95,4911.31,4990.67,5070.04,5149.4,5228.77,5308.13,5387.5,5466.86,5546.23,5625.59,5704.96,5784.32,5863.69,5943.05,6022.42,6101.78,6181.15,6260.51,6339.87,6419.24,6498.6,6577.97,6657.33,6736.7,6816.06,6895.43,6974.79,7054.16,7133.52,7212.89,7292.25,7371.62,7450.98,7530.35,7609.71,7689.07,7768.44
-176.36,-96.18,-15.99,64.19,144.37,224.56,304.74,384.92,465.11,545.29,625.47,705.65,785.84,866.02,946.2,1026.39,1106.57,1186.75,1266.94,1347.12,1427.3,1507.49,1587.67,1667.85,1748.04,1828.22,1908.4,1988.59,2068.77,2148.95,2229.14,2309.32,2389.5,2469.69,2549.87,2630.05,2710.24,2790.42,2870.6,2950.79,3030.97,3111.15,3191.34,3271.52,3351.7,3431.88,3512.07,3592.25,3672.43,3752.62,3832.8,3912.98,3993.17,4073.35,4153.53,4233.72,4313.9,4394.08,4474.27,4554.45,4634.63,4714.82,4795,4875.18,4955.37,5035.55,5115.73,5195.92,5276.1,5356.28,5436.47,5516.65,5596.83,5677.02,5757.2,5837.38,5917.57,5997.75,6077.93,6158.11,6238.3,6318.48,6398.66,6478.85,6559.03,6639.21,6719.4,6799.58,6879.76,6959.95,7040.13,7120.31,7200.5,7280.68,7360.86,7441.05,7521.23,7601.41,7681.6,7761.78,7841.96
-184.77,-103.8,-22.84,58.13,139.09,220.06,301.02,381.99,462.95,543.92,624.88,705.85,786.81,867.77,948.74,1029.7,1110.67,1191.63,1272.6,1353.56,1434.53,1515.49,1596.46,1677.42,1758.39,1839.35,1920.32,2001.28,2082.24,2163.21,2244.17,2325.14,2406.1,2487.07,2568.03,2649,2729.96,2810.93,2891.89,2972.86,3053.82,3134.79,3215.75,3296.71,3377.68,3458.64,3539.61,3620.57,3701.54,3782.5,3863.47,3944.43,4025.4,4106.36,4187.33,4268.29,4349.26,4430.22,4511.18,4592.15,4673.11,4754.08,4835.04,4916.01,4996.97,5077.94,5158.9,5239.87,5320.83,5401.8,5482.76,5563.73,5644.69,5725.65,5806.62,5887.58,5968.55,6049.51,6130.48,6211.44,6292.41,6373.37,6454.34,6535.3,6616.27,6697.23,6778.2,6859.16,6940.12,7021.09,7102.05,7183.02,7263.98,7344.95,7425.91,7506.88,7587.84,7668.81,7749.77,7830.74,7911.7
-193.24,-111.53,-29.82,51.89,133.6,215.31,297.02,378.73,460.45,542.16,623.87,705.58,787.29,869,950.71,1032.42,1114.13,1195.85,1277.56,1359.27,1440.98,1522.69,1604.4,1686.11,1767.82,1849.53,1931.25,2012.96,2094.67,2176.38,2258.09,2339.8,2421.51,2503.22,2584.93,2666.65,2748.36,2830.07,2911.78,2993.49,3075.2,3156.91,3238.62,3320.33,3402.05,3483.76,3565.47,3647.18,3728.89,3810.6,3892.31,3974.02,4055.73,4137.45,4219.16,4300.87,4382.58,4464.29,4546,4627.71,4709.42,4791.13,4872.84,4954.56,5036.27,5117.98,5199.69,5281.4,5363.11,5444.82,5526.53,5608.24,5689.96,5771.67,5853.38,5935.09,6016.8,6098.51,6180.22,6261.93,6343.64,6425.36,6507.07,6588.78,6670.49,6752.2,6833.91,6915.62,6997.33,7079.04,7160.76,7242.47,7324.18,7405.89,7487.6,7569.31,7651.02,7732.73,7814.44,7896.16,7977.87
-201.79,-119.36,-36.94,45.49,127.91,210.34,292.76,375.18,457.61,540.03,622.46,704.88,787.31,869.73,952.16,1034.58,1117,1199.43,1281.85,1364.28,1446.7,1529.13,1611.55,1693.97,1776.4,1858.82,1941.25,2023.67,2106.1,2188.52,2270.95,2353.37,2435.79,2518.22,2600.64,2683.07,2765.49,2847.92,2930.34,3012.77,3095.19,3177.61,3260.04,3342.46,3424.89,3507.31,3589.74,3672.16,3754.59,3837.01,3919.43,4001.86,4084.28,4166.71,4249.13,4331.56,4413.98,4496.41,4578.83,4661.25,4743.68,4826.1,4908.53,4990.95,5073.38,5155.8,5238.23,5320.65,5403.07,5485.5,5567.92,5650.35,5732.77,5815.2,5897.62,5980.05,6062.47,6144.89,6227.32,6309.74,6392.17,6474.59,6557.02,6639.44,6721.87,6804.29,6886.71,6969.14,7051.56,7133.99,7216.41,7298.84,7381.26,7463.68,7546.11,7628.53,7710.96,7793.38,7875.81,7958.23,8040.66
-210.39,-127.29,-44.18,38.92,122.03,205.14,288.24,371.35,454.46,537.56,620.67,703.78,786.88,869.99,953.1,1036.2,1119.31,1202.42,1285.52,1368.63,1451.73,1534.84,1617.95,1701.05,1784.16,1867.27,1950.37,2033.48,2116.59,2199.69,2282.8,2365.91,2449.01,2532.12,2615.23,2698.33,2781.44,2864.55,2947.65,3030.76,3113.86,3196.97,3280.08,3363.18,3446.29,3529.4,3612.5,3695.61,3778.72,3861.82,3944.93,4028.04,4111.14,4194.25,4277.36,4360.46,4443.57,4526.68,4609.78,4692.89,4775.99,4859.1,4942.21,5025.31,5108.42,5191.53,5274.63,5357.74,5440.85,5523.95,5607.06,5690.17,5773.27,5856.38,5939.49,6022.59,6105.7,6188.81,6271.91,6355.02,6438.12,6521.23,6604.34,6687.44,6770.55,6853.66,6936.76,7019.87,7102.98,7186.08,7269.19,7352.3,7435.4,7518.51,7601.62,7684.72,7767.83,7850.93,7934.04,8017.15,8100.25
-219.06,-135.3,-51.55,32.21,115.97,199.73,283.49,367.25,451.01,534.77,618.53,702.29,786.04,869.8,953.56,1037.32,1121.08,1204.84,1288.6,1372.36,1456.12,1539.88,1623.63,1707.39,1791.15,1874.91,1958.67,2042.43,2126.19,2209.95,2293.71,2377.46,2461.22,2544.98,2628.74,2712.5,2796.26,2880.02,2963.78,3047.54,3131.3,3215.05,3298.81,3382.57,3466.33,3550.09,3633.85,3717.61,3801.37,3885.13,3968.89,4052.64,4136.4,4220.16,4303.92,4387.68,4471.44,4555.2,4638.96,4722.72,4806.48,4890.23,4973.99,5057.75,5141.51,5225.27,5309.03,5392.79,5476.55,5560.31,5644.07,5727.82,5811.58,5895.34,5979.1,6062.86,6146.62,6230.38,6314.14,6397.9,6481.65,6565.41,6649.17,6732.93,6816.69,6900.45,6984.21,7067.97,7151.73,7235.49,7319.24,7403,7486.76,7570.52,7654.28,7738.04,7821.8,7905.56,7989.32,8073.08,8156.83
-227.79,-143.41,-59.02,25.36,109.74,194.13,278.51,362.9,447.28,531.66,616.05,700.43,784.81,869.2,953.58,1037.96,1122.35,1206.73,1291.11,1375.5,1459.88,1544.26,1628.65,1713.03,1797.41,1881.8,1966.18,2050.56,2134.95,2219.33,2303.71,2388.1,2472.48,2556.87,2641.25,2725.63,2810.02,2894.4,2978.78,3063.17,3147.55,3231.93,3316.32,3400.7,3485.08,3569.47,3653.85,3738.23,3822.62,3907,3991.38,4075.77,4160.15,4244.53,4328.92,4413.3,4497.68,4582.07,4666.45,4750.84,4835.22,4919.6,5003.99,5088.37,5172.75,5257.14,5341.52,5425.9,5510.29,5594.67,5679.05,5763.44,5847.82,5932.2,6016.59,6100.97,6185.35,6269.74,6354.12,6438.5,6522.89,6607.27,6691.65,6776.04,6860.42,6944.81,7029.19,7113.57,7197.96,7282.34,7366.72,7451.11,7535.49,7619.87,7704.26,7788.64,7873.02,7957.41,8041.79,8126.17,8210.56
-236.57,-151.59,-66.61,18.38,103.36,188.34,273.32,358.3,443.28,528.26,613.25,698.23,783.21,868.19,953.17,1038.15,1123.13,1208.12,1293.1,1378.08,1463.06,1548.04,1633.02,1718,1802.99,1887.97,1972.95,2057.93,2142.91,2227.89,2312.87,2397.86,2482.84,2567.82,2652.8,2737.78,2822.76,2907.74,2992.73,3077.71,3162.69,3247.67,3332.65,3417.63,3502.61,3587.6,3672.58,3757.56,3842.54,3927.52,4012.5,4097.48,4182.47,4267.45,4352.43,4437.41,4522.39,4607.37,4692.35,4777.34,4862.32,4947.3,5032.28,5117.26,5202.24,5287.22,5372.21,5457.19,5542.17,5627.15,5712.13,5797.11,5882.09,5967.08,6052.06,6137.04,6222.02,6307,6391.98,6476.96,6561.95,6646.93,6731.91,6816.89,6901.87,6986.85,7071.83,7156.82,7241.8,7326.78,7411.76,7496.74,7581.72,7666.7,7751.69,7836.67,7921.65,8006.63,8091.61,8176.59,8261.57
-245.4,-159.85,-74.29,11.26,96.82,182.37,267.93,353.48,439.03,524.59,610.14,695.7,781.25,866.81,952.36,1037.91,1123.47,1209.02,1294.58,1380.13,1465.69,1551.24,1636.79,1722.35,1807.9,1893.46,1979.01,2064.57,2150.12,2235.67,2321.23,2406.78,2492.34,2577.89,2663.45,2749,2834.55,2920.11,3005.66,3091.22,3176.77,3262.32,3347.88,3433.43,3518.99,3604.54,3690.1,3775.65,3861.2,3946.76,4032.31,4117.87,4203.42,4288.98,4374.53,4460.08,4545.64,4631.19,4716.75,4802.3,4887.86,4973.41,5058.96,5144.52,5230.07,5315.63,5401.18,5486.74,5572.29,5657.84,5743.4,5828.95,5914.51,6000.06,6085.62,6171.17,6256.72,6342.28,6427.83,6513.39,6598.94,6684.49,6770.05,6855.6,6941.16,7026.71,7112.27,7197.82,7283.37,7368.93,7454.48,7540.04,7625.59,7711.15,7796.7,7882.25,7967.81,8053.36,8138.92,8224.47,8310.03
-254.28,-168.18,-82.07,4.03,90.13,176.24,262.34,348.44,434.55,520.65,606.75,692.86,778.96,865.06,951.17,1037.27,1123.37,1209.48,1295.58,1381.68,1467.79,1553.89,1639.99,1726.1,1812.2,1898.3,1984.41,2070.51,2156.61,2242.71,2328.82,2414.92,2501.02,2587.13,2673.23,2759.33,2845.44,2931.54,3017.64,3103.75,3189.85,3275.95,3362.06,3448.16,3534.26,3620.37,3706.47,3792.57,3878.68,3964.78,4050.88,4136.99,4223.09,4309.19,4395.3,4481.4,4567.5,4653.61,4739.71,4825.81,4911.92,4998.02,5084.12,5170.23,5256.33,5342.43,5428.54,5514.64,5600.74,5686.84,5772.95,5859.05,5945.15,6031.26,6117.36,6203.46,6289.57,6375.67,6461.77,6547.88,6633.98,6720.08,6806.19,6892.29,6978.39,7064.5,7150.6,7236.7,7322.81,7408.91,7495.01,7581.12,7667.22,7753.32,7839.43,7925.53,8011.63,8097.74,8183.84,8269.94,8356.05
-263.2,-176.58,-89.95,-3.32,83.31,169.94,256.57,343.2,429.83,516.46,603.09,689.72,776.35,862.98,949.61,1036.24,1122.87,1209.5,1296.13,1382.76,1469.39,1556.02,1642.65,1729.28,1815.91,1902.54,1989.17,2075.79,2162.42,2249.05,2335.68,2422.31,2508.94,2595.57,2682.2,2768.83,2855.46,2942.09,3028.72,3115.35,3201.98,3288.61,3375.24,3461.87,3548.5,3635.13,3721.76,3808.39,3895.02,3981.65,4068.28,4154.91,4241.54,4328.17,4414.79,4501.42,4588.05,4674.68,4761.31,4847.94,4934.57,5021.2,5107.83,5194.46,5281.09,5367.72,5454.35,5540.98,5627.61,5714.24,5800.87,5887.5,5974.13,6060.76,6147.39,6234.02,6320.65,6407.28,6493.91,6580.54,6667.16,6753.79,6840.42,6927.05,7013.68,7100.31,7186.94,7273.57,7360.2,7446.83,7533.46,7620.09,7706.72,7793.35,7879.98,7966.61,8053.24,8139.87,8226.5,8313.13,8399.76
-272.17,-185.04,-97.91,-10.77,76.36,163.5,250.63,337.77,424.9,512.04,599.17,686.31,773.44,860.57,947.71,1034.84,1121.98,1209.11,1296.25,1383.38,1470.52,1557.65,1644.79,1731.92,1819.05,1906.19,1993.32,2080.46,2167.59,2254.73,2341.86,2429,2516.13,2603.26,2690.4,2777.53,2864.67,2951.8,3038.94,3126.07,3213.21,3300.34,3387.48,3474.61,3561.74,3648.88,3736.01,3823.15,3910.28,3997.42,4084.55,4171.69,4258.82,4345.96,4433.09,4520.22,4607.36,4694.49,4781.63,4868.76,4955.9,5043.03,5130.17,5217.3,5304.44,5391.57,5478.7,5565.84,5652.97,5740.11,5827.24,5914.38,6001.51,6088.65,6175.78,6262.92,6350.05,6437.18,6524.32,6611.45,6698.59,6785.72,6872.86,6959.99,7047.13,7134.26,7221.39,7308.53,7395.66,7482.8,7569.93,7657.07,7744.2,7831.34,7918.47,8005.61,8092.74,8179.87,8267.01,8354.14,8441.28
-281.19,-193.57,-105.95,-18.33,69.29,156.91,244.53,332.15,419.77,507.39,595,682.62,770.24,857.86,945.48,1033.1,1120.72,1208.34,1295.96,1383.58,1471.2,1558.81,1646.43,1734.05,1821.67,1909.29,1996.91,2084.53,2172.15,2259.77,2347.39,2435,2522.62,2610.24,2697.86,2785.48,2873.1,2960.72,3048.34,3135.96,3223.58,3311.19,3398.81,3486.43,3574.05,3661.67,3749.29,3836.91,3924.53,4012.15,4099.77,4187.39,4275,4362.62,4450.24,4537.86,4625.48,4713.1,4800.72,4888.34,4975.96,5063.58,5151.19,5238.81,5326.43,5414.05,5501.67,5589.29,5676.91,5764.53,5852.15,5939.77,6027.39,6115,6202.62,6290.24,6377.86,6465.48,6553.1,6640.72,6728.34,6815.96,6903.58,6991.19,7078.81,7166.43,7254.05,7341.67,7429.29,7516.91,7604.53,7692.15,7779.77,7867.38,7955,8042.62,8130.24,8217.86,8305.48,8393.1,8480.72
-290.24,-202.15,-114.07,-25.98,62.1,150.18,238.27,326.35,414.44,502.52,590.61,678.69,766.77,854.86,942.94,1031.03,1119.11,1207.19,1295.28,1383.36,1471.45,1559.53,1647.62,1735.7,1823.78,1911.87,1999.95,2088.04,2176.12,2264.2,2352.29,2440.37,2528.46,2616.54,2704.63,2792.71,2880.79,2968.88,3056.96,3145.05,3233.13,3321.21,3409.3,3497.38,3585.47,3673.55,3761.64,3849.72,3937.8,4025.89,4113.97,4202.06,4290.14,4378.22,4466.31,4554.39,4642.48,4730.56,4818.65,4906.73,4994.81,5082.9,5170.98,5259.07,5347.15,5435.23,5523.32,5611.4,5699.49,5787.57,5875.65,5963.74,6051.82,6139.91,6227.99,6316.08,6404.16,6492.24,6580.33,6668.41,6756.5,6844.58,6932.66,7020.75,7108.83,7196.92,7285,7373.09,7461.17,7549.25,7637.34,7725.42,7813.51,7901.59,7989.67,8077.76,8165.84,8253.93,8342.01,8430.1,8518.18
-299.32,-210.79,-122.26,-33.73,54.8,143.33,231.86,320.39,408.92,497.45,585.98,674.51,763.05,851.58,940.11,1028.64,1117.17,1205.7,1294.23,1382.76,1471.29,1559.82,1648.35,1736.88,1825.42,1913.95,2002.48,2091.01,2179.54,2268.07,2356.6,2445.13,2533.66,2622.19,2710.72,2799.25,2887.79,2976.32,3064.85,3153.38,3241.91,3330.44,3418.97,3507.5,3596.03,3684.56,3773.09,3861.63,3950.16,4038.69,4127.22,4215.75,4304.28,4392.81,4481.34,4569.87,4658.4,4746.93,4835.46,4924,5012.53,5101.06,5189.59,5278.12,5366.65,5455.18,5543.71,5632.24,5720.77,5809.3,5897.83,5986.37,6074.9,6163.43,6251.96,6340.49,6429.02,6517.55,6606.08,6694.61,6783.14,6871.67,6960.2,7048.74,7137.27,7225.8,7314.33,7402.86,7491.39,7579.92,7668.45,7756.98,7845.51,7934.04,8022.58,8111.11,8199.64,8288.17,8376.7,8465.23,8553.76
-308.45,-219.49,-130.53,-41.57,47.39,136.35,225.31,314.27,403.23,492.19,581.15,670.11,759.07,848.03,936.99,1025.95,1114.91,1203.87,1292.83,1381.79,1470.75,1559.71,1648.67,1737.63,1826.59,1915.55,2004.51,2093.47,2182.43,2271.39,2360.35,2449.31,2538.27,2627.23,2716.19,2805.15,2894.11,2983.07,3072.03,3160.99,3249.95,3338.91,3427.87,3516.83,3605.79,3694.75,3783.71,3872.67,3961.63,4050.59,4139.55,4228.51,4317.47,4406.43,4495.39,4584.35,4673.31,4762.27,4851.23,4940.19,5029.15,5118.11,5207.07,5296.03,5384.99,5473.95,5562.91,5651.87,5740.83,5829.79,5918.75,6007.71,6096.67,6185.63,6274.59,6363.55,6452.51,6541.47,6630.43,6719.39,6808.35,6897.31,6986.27,7075.23,7164.19,7253.15,7342.11,7431.07,7520.03,7608.99,7697.95,7786.91,7875.87,7964.83,8053.79,8142.75,8231.71,8320.67,8409.63,8498.59,8587.55
-317.61,-228.23,-138.86,-49.49,39.88,129.25,218.63,308,397.37,486.74,576.12,665.49,754.86,844.23,933.61,1022.98,1112.35,1201.72,1291.1,1380.47,1469.84,1559.21,1648.59,1737.96,1827.33,1916.7,2006.08,2095.45,2184.82,2274.19,2363.57,2452.94,2542.31,2631.68,2721.06,2810.43,2899.8,2989.17,3078.55,3167.92,3257.29,3346.66,3436.04,3525.41,3614.78,3704.15,3793.53,3882.9,3972.27,4061.64,4151.01,4240.39,4329.76,4419.13,4508.5,4597.88,4687.25,4776.62,4865.99,4955.37,5044.74,5134.11,5223.48,5312.86,5402.23,5491.6,5580.97,5670.35,5759.72,5849.09,5938.46,6027.84,6117.21,6206.58,6295.95,6385.33,6474.7,6564.07,6653.44,6742.82,6832.19,6921.56,7010.93,7100.31,7189.68,7279.05,7368.42,7457.8,7547.17,7636.54,7725.91,7815.29,7904.66,7994.03,8083.4,8172.78,8262.15,8351.52,8440.89,8530.26,8619.64
-326.8,-237.03,-147.26,-57.49,32.28,122.05,211.82,301.58,391.35,481.12,570.89,660.66,750.43,840.2,929.97,1019.74,1109.51,1199.27,1289.04,1378.81,1468.58,1558.35,1648.12,1737.89,1827.66,1917.43,2007.2,2096.96,2186.73,2276.5,2366.27,2456.04,2545.81,2635.58,2725.35,2815.12,2904.89,2994.65,3084.42,3174.19,3263.96,3353.73,3443.5,3533.27,3623.04,3712.81,3802.58,3892.34,3982.11,4071.88,4161.65,4251.42,4341.19,4430.96,4520.73,4610.5,4700.27,4790.03,4879.8,4969.57,5059.34,5149.11,5238.88,5328.65,5418.42,5508.19,5597.96,5687.72,5777.49,5867.26,5957.03,6046.8,6136.57,6226.34,6316.11,6405.88,6495.65,6585.41,6675.18,6764.95,6854.72,6944.49,7034.26,7124.03,7213.8,7303.57,7393.33,7483.1,7572.87,7662.64,7752.41,7842.18,7931.95,8021.72,8111.49,8201.26,8291.02,8380.79,8470.56,8560.33,8650.1
-336.02,-245.87,-155.72,-65.57,24.58,114.73,204.88,295.03,385.18,475.33,565.48,655.63,745.78,835.94,926.09,1016.24,1106.39,1196.54,1286.69,1376.84,1466.99,1557.14,1647.29,1737.44,1827.59,1917.74,2007.89,2098.04,2188.19,2278.34,2368.49,2458.64,2548.79,2638.94,2729.09,2819.24,2909.39,2999.54,3089.69,3179.84,3270,3360.15,3450.3,3540.45,3630.6,3720.75,3810.9,3901.05,3991.2,4081.35,4171.5,4261.65,4351.8,4441.95,4532.1,4622.25,4712.4,4802.55,4892.7,4982.85,5073,5163.15,5253.3,5343.45,5433.6,5523.75,5613.9,5704.06,5794.21,5884.36,5974.51,6064.66,6154.81,6244.96,6335.11,6425.26,6515.41,6605.56,6695.71,6785.86,6876.01,6966.16,7056.31,7146.46,7236.61,7326.76,7416.91,7507.06,7597.21,7687.36,7777.51,7867.66,7957.81,8047.96,8138.12,8228.27,8318.42,8408.57,8498.72,8588.87,8679.02
-345.27,-254.75,-164.24,-73.72,16.8,107.32,197.83,288.35,378.87,469.38,559.9,650.42,740.94,831.45,921.97,1012.49,1103.01,1193.52,1284.04,1374.56,1465.08,1555.59,1646.11,1736.63,1827.14,1917.66,2008.18,2098.7,2189.21,2279.73,2370.25,2460.77,2551.28,2641.8,2732.32,2822.83,2913.35,3003.87,3094.39,3184.9,3275.42,3365.94,3456.46,3546.97,3637.49,3728.01,3818.53,3909.04,3999.56,4090.08,4180.59,4271.11,4361.63,4452.15,4542.66,4633.18,4723.7,4814.22,4904.73,4995.25,5085.77,5176.28,5266.8,5357.32,5447.84,5538.35,5628.87,5719.39,5809.91,5900.42,5990.94,6081.46,6171.98,6262.49,6353.01,6443.53,6534.04,6624.56,6715.08,6805.6,6896.11,6986.63,7077.15,7167.67,7258.18,7348.7,7439.22,7529.73,7620.25,7710.77,7801.29,7891.8,7982.32,8072.84,8163.36,8253.87,8344.39,8434.91,8525.43,8615.94,8706.46
-354.55,-263.68,-172.81,-81.94,8.93,99.8,190.67,281.54,372.41,463.28,554.15,645.02,735.9,826.77,917.64,1008.51,1099.38,1190.25,1281.12,1371.99,1462.86,1553.73,1644.6,1735.47,1826.34,1917.21,2008.08,2098.95,2189.82,2280.69,2371.56,2462.43,2553.3,2644.17,2735.05,2825.92,2916.79,3007.66,3098.53,3189.4,3280.27,3371.14,3462.01,3552.88,3643.75,3734.62,3825.49,3916.36,4007.23,4098.1,4188.97,4279.84,4370.71,4461.58,4552.45,4643.32,4734.2,4825.07,4915.94,5006.81,5097.68,5188.55,5279.42,5370.29,5461.16,5552.03,5642.9,5733.77,5824.64,5915.51,6006.38,6097.25,6188.12,6278.99,6369.86,6460.73,6551.6,6642.47,6733.35,6824.22,6915.09,7005.96,7096.83,7187.7,7278.57,7369.44,7460.31,7551.18,7642.05,7732.92,7823.79,7914.66,8005.53,8096.4,8187.27,8278.14,8369.01,8459.88,8550.75,8641.62,8732.5
-363.86,-272.65,-181.44,-90.22,0.99,92.2,183.41,274.62,365.83,457.04,548.25,639.46,730.67,821.88,913.09,1004.3,1095.51,1186.72,1277.93,1369.14,1460.35,1551.56,1642.77,1733.98,1825.19,1916.4,2007.62,2098.83,2190.04,2281.25,2372.46,2463.67,2554.88,2646.09,2737.3,2828.51,2919.72,3010.93,3102.14,3193.35,3284.56,3375.77,3466.98,3558.19,3649.4,3740.61,3831.82,3923.03,4014.25,4105.46,4196.67,4287.88,4379.09,4470.3,4561.51,4652.72,4743.93,4835.14,4926.35,5017.56,5108.77,5199.98,5291.19,5382.4,5473.61,5564.82,5656.03,5747.24,5838.45,5929.66,6020.88,6112.09,6203.3,6294.51,6385.72,6476.93,6568.14,6659.35,6750.56,6841.77,6932.98,7024.19,7115.4,7206.61,7297.82,7389.03,7480.24,7571.45,7662.66,7753.87,7845.08,7936.29,8027.5,8118.72,8209.93,8301.14,8392.35,8483.56,8574.77,8665.98,8757.19
-373.19,-281.65,-190.11,-98.57,-7.04,84.5,176.04,267.58,359.12,450.65,542.19,633.73,725.27,816.8,908.34,999.88,1091.42,1182.96,1274.49,1366.03,1457.57,1549.11,1640.65,1732.18,1823.72,1915.26,2006.8,2098.33,2189.87,2281.41,2372.95,2464.49,2556.02,2647.56,2739.1,2830.64,2922.18,3013.71,3105.25,3196.79,3288.33,3379.87,3471.4,3562.94,3654.48,3746.02,3837.55,3929.09,4020.63,4112.17,4203.71,4295.24,4386.78,4478.32,4569.86,4661.4,4752.93,4844.47,4936.01,5027.55,5119.08,5210.62,5302.16,5393.7,5485.24,5576.77,5668.31,5759.85,5851.39,5942.93,6034.46,6126,6217.54,6309.08,6400.62,6492.15,6583.69,6675.23,6766.77,6858.3,6949.84,7041.38,7132.92,7224.46,7315.99,7407.53,7499.07,7590.61,7682.15,7773.68,7865.22,7956.76,8048.3,8139.83,8231.37,8322.91,8414.45,8505.99,8597.52,8689.06,8780.6
-382.54,-290.69,-198.84,-106.98,-15.13,76.72,168.58,260.43,352.28,444.14,535.99,627.84,719.7,811.55,903.4,995.26,1087.11,1178.96,1270.82,1362.67,1454.52,1546.38,1638.23,1730.08,1821.94,1913.79,2005.64,2097.5,2189.35,2281.2,2373.06,2464.91,2556.76,2648.62,2740.47,2832.32,2924.18,3016.03,3107.88,3199.73,3291.59,3383.44,3475.29,3567.15,3659,3750.85,3842.71,3934.56,4026.41,4118.27,4210.12,4301.97,4393.83,4485.68,4577.53,4669.39,4761.24,4853.09,4944.95,5036.8,5128.65,5220.51,5312.36,5404.21,5496.07,5587.92,5679.77,5771.63,5863.48,5955.33,6047.19,6139.04,6230.89,6322.75,6414.6,6506.45,6598.31,6690.16,6782.01,6873.87,6965.72,7057.57,7149.43,7241.28,7333.13,7424.99,7516.84,7608.69,7700.55,7792.4,7884.25,7976.11,8067.96,8159.81,8251.67,8343.52,8435.37,8527.23,8619.08,8710.93,8802.79
-391.92,-299.77,-207.61,-115.45,-23.29,68.86,161.02,253.18,345.33,437.49,529.65,621.81,713.96,806.12,898.28,990.44,1082.59,1174.75,1266.91,1359.06,1451.22,1543.38,1635.54,1727.69,1819.85,1912.01,2004.17,2096.32,2188.48,2280.64,2372.79,2464.95,2557.11,2649.27,2741.42,2833.58,2925.74,3017.9,3110.05,3202.21,3294.37,3386.52,3478.68,3570.84,3663,3755.15,3847.31,3939.47,4031.63,4123.78,4215.94,4308.1,4400.25,4492.41,4584.57,4676.73,4768.88,4861.04,4953.2,5045.36,5137.51,5229.67,5321.83,5413.98,5506.14,5598.3,5690.46,5782.61,5874.77,5966.93,6059.09,6151.24,6243.4,6335.56,6427.71,6519.87,6612.03,6704.19,6796.34,6888.5,6980.66,7072.82,7164.97,7257.13,7349.29,7441.44,7533.6,7625.76,7717.92,7810.07,7902.23,7994.39,8086.55,8178.7,8270.86,8363.02,8455.18,8547.33,8639.49,8731.65,8823.8
-401.33,-308.88,-216.43,-123.98,-31.52,60.93,153.38,245.83,338.28,430.73,523.18,615.63,708.08,800.53,892.98,985.43,1077.88,1170.33,1262.78,1355.23,1447.68,1540.13,1632.58,1725.03,1817.48,1909.93,2002.38,2094.83,2187.28,2279.73,2372.18,2464.63,2557.08,2649.53,2741.98,2834.43,2926.88,3019.33,3111.78,3204.24,3296.69,3389.14,3481.59,3574.04,3666.49,3758.94,3851.39,3943.84,4036.29,4128.74,4221.19,4313.64,4406.09,4498.54,4590.99,4683.44,4775.89,4868.34,4960.79,5053.24,5145.69,5238.14,5330.59,5423.04,5515.49,5607.94,5700.39,5792.84,5885.29,5977.74,6070.19,6162.64,6255.09,6347.54,6440,6532.45,6624.9,6717.35,6809.8,6902.25,6994.7,7087.15,7179.6,7272.05,7364.5,7456.95,7549.4,7641.85,7734.3,7826.75,7919.2,8011.65,8104.1,8196.55,8289,8381.45,8473.9,8566.35,8658.8,8751.25,8843.7
-410.75,-318.02,-225.28,-132.55,-39.82,52.91,145.65,238.38,331.11,423.85,516.58,609.31,702.04,794.78,887.51,980.24,1072.98,1165.71,1258.44,1351.17,1443.91,1536.64,1629.37,1722.11,1814.84,1907.57,2000.3,2093.04,2185.77,2278.5,2371.23,2463.97,2556.7,2649.43,2742.17,2834.9,2927.63,3020.36,3113.1,3205.83,3298.56,3391.3,3484.03,3576.76,3669.49,3762.23,3854.96,3947.69,4040.43,4133.16,4225.89,4318.62,4411.36,4504.09,4596.82,4689.56,4782.29,4875.02,4967.75,5060.49,5153.22,5245.95,5338.68,5431.42,5524.15,5616.88,5709.62,5802.35,5895.08,5987.81,6080.55,6173.28,6266.01,6358.75,6451.48,6544.21,6636.94,6729.68,6822.41,6915.14,7007.88,7100.61,7193.34,7286.07,7378.81,7471.54,7564.27,7657,7749.74,7842.47,7935.2,8027.94,8120.67,8213.4,8306.13,8398.87,8491.6,8584.33,8677.07,8769.8,8862.53
-420.19,-327.19,-234.18,-141.18,-48.17,44.83,137.84,230.84,323.85,416.85,509.86,602.86,695.87,788.88,881.88,974.89,1067.89,1160.9,1253.9,1346.91,1439.91,1532.92,1625.92,1718.93,1811.93,1904.94,1997.94,2090.95,2183.96,2276.96,2369.97,2462.97,2555.98,2648.98,2741.99,2834.99,2928,3021,3114.01,3207.01,3300.02,3393.02,3486.03,3579.03,3672.04,3765.05,3858.05,3951.06,4044.06,4137.07,4230.07,4323.08,4416.08,4509.09,4602.09,4695.1,4788.1,4881.11,4974.11,5067.12,5160.12,5253.13,5346.14,5439.14,5532.15,5625.15,5718.16,5811.16,5904.17,5997.17,6090.18,6183.18,6276.19,6369.19,6462.2,6555.2,6648.21,6741.21,6834.22,6927.23,7020.23,7113.24,7206.24,7299.25,7392.25,7485.26,7578.26,7671.27,7764.27,7857.28,7950.28,8043.29,8136.29,8229.3,8322.3,8415.31,8508.32,8601.32,8694.33,8787.33,8880.34
-429.66,-336.39,-243.12,-149.85,-56.58,36.68,129.95,223.22,316.49,409.76,503.03,596.29,689.56,782.83,876.1,969.37,1062.63,1155.9,1249.17,1342.44,1435.71,1528.97,1622.24,1715.51,1808.78,1902.05,1995.32,2088.58,2181.85,2275.12,2368.39,2461.66,2554.92,2648.19,2741.46,2834.73,2928,3021.27,3114.53,3207.8,3301.07,3394.34,3487.61,3580.87,3674.14,3767.41,3860.68,3953.95,4047.22,4140.48,4233.75,4327.02,4420.29,4513.56,4606.82,4700.09,4793.36,4886.63,4979.9,5073.17,5166.43,5259.7,5352.97,5446.24,5539.51,5632.77,5726.04,5819.31,5912.58,6005.85,6099.12,6192.38,6285.65,6378.92,6472.19,6565.46,6658.72,6751.99,6845.26,6938.53,7031.8,7125.07,7218.33,7311.6,7404.87,7498.14,7591.41,7684.67,7777.94,7871.21,7964.48,8057.75,8151.02,8244.28,8337.55,8430.82,8524.09,8617.36,8710.62,8803.89,8897.16
-439.14,-345.62,-252.1,-158.57,-65.05,28.47,121.99,215.51,309.04,402.56,496.08,589.6,683.12,776.65,870.17,963.69,1057.21,1150.73,1244.25,1337.78,1431.3,1524.82,1618.34,1711.86,1805.39,1898.91,1992.43,2085.95,2179.47,2273,2366.52,2460.04,2553.56,2647.08,2740.6,2834.13,2927.65,3021.17,3114.69,3208.21,3301.74,3395.26,3488.78,3582.3,3675.82,3769.34,3862.87,3956.39,4049.91,4143.43,4236.95,4330.48,4424,4517.52,4611.04,4704.56,4798.09,4891.61,4985.13,5078.65,5172.17,5265.69,5359.22,5452.74,5546.26,5639.78,5733.3,5826.83,5920.35,6013.87,6107.39,6200.91,6294.44,6387.96,6481.48,6575,6668.52,6762.04,6855.57,6949.09,7042.61,7136.13,7229.65,7323.18,7416.7,7510.22,7603.74,7697.26,7790.79,7884.31,7977.83,8071.35,8164.87,8258.39,8351.92,8445.44,8538.96,8632.48,8726,8819.53,8913.05
-448.64,-354.87,-261.11,-167.34,-73.57,20.19,113.96,207.73,301.49,395.26,489.03,582.79,676.56,770.33,864.1,957.86,1051.63,1145.4,1239.16,1332.93,1426.7,1520.46,1614.23,1708,1801.76,1895.53,1989.3,2083.06,2176.83,2270.6,2364.36,2458.13,2551.9,2645.66,2739.43,2833.2,2926.96,3020.73,3114.5,3208.26,3302.03,3395.8,3489.56,3583.33,3677.1,3770.86,3864.63,3958.4,4052.16,4145.93,4239.7,4333.46,4427.23,4521,4614.76,4708.53,4802.3,4896.06,4989.83,5083.6,5177.37,5271.13,5364.9,5458.67,5552.43,5646.2,5739.97,5833.73,5927.5,6021.27,6115.03,6208.8,6302.57,6396.33,6490.1,6583.87,6677.63,6771.4,6865.17,6958.93,7052.7,7146.47,7240.23,7334,7427.77,7521.53,7615.3,7709.07,7802.83,7896.6,7990.37,8084.13,8177.9,8271.67,8365.43,8459.2,8552.97,8646.73,8740.5,8834.27,8928.03
-458.16,-364.15,-270.15,-176.15,-82.14,11.86,105.86,199.87,293.87,387.87,481.87,575.88,669.88,763.88,857.89,951.89,1045.89,1139.9,1233.9,1327.9,1421.91,1515.91,1609.91,1703.92,1797.92,1891.92,1985.93,2079.93,2173.93,2267.94,2361.94,2455.94,2549.94,2643.95,2737.95,2831.95,2925.96,3019.96,3113.96,3207.97,3301.97,3395.97,3489.98,3583.98,3677.98,3771.99,3865.99,3959.99,4054,4148,4242,4336,4430.01,4524.01,4618.01,4712.02,4806.02,4900.02,4994.03,5088.03,5182.03,5276.04,5370.04,5464.04,5558.05,5652.05,5746.05,5840.06,5934.06,6028.06,6122.07,6216.07,6310.07,6404.07,6498.08,6592.08,6686.08,6780.09,6874.09,6968.09,7062.1,7156.1,7250.1,7344.11,7438.11,7532.11,7626.12,7720.12,7814.12,7908.13,8002.13,8096.13,8190.13,8284.14,8378.14,8472.14,8566.15,8660.15,8754.15,8848.16,8942.16
-467.69,-373.46,-279.23,-185,-90.76,3.47,97.7,191.93,286.16,380.39,474.62,568.86,663.09,757.32,851.55,945.78,1040.01,1134.24,1228.48,1322.71,1416.94,1511.17,1605.4,1699.63,1793.87,1888.1,1982.33,2076.56,2170.79,2265.02,2359.25,2453.49,2547.72,2641.95,2736.18,2830.41,2924.64,3018.87,3113.11,3207.34,3301.57,3395.8,3490.03,3584.26,3678.5,3772.73,3866.96,3961.19,4055.42,4149.65,4243.88,4338.12,4432.35,4526.58,4620.81,4715.04,4809.27,4903.5,4997.74,5091.97,5186.2,5280.43,5374.66,5468.89,5563.13,5657.36,5751.59,5845.82,5940.05,6034.28,6128.51,6222.75,6316.98,6411.21,6505.44,6599.67,6693.9,6788.13,6882.37,6976.6,7070.83,7165.06,7259.29,7353.52,7447.76,7541.99,7636.22,7730.45,7824.68,7918.91,8013.14,8107.38,8201.61,8295.84,8390.07,8484.3,8578.53,8672.76,8767,8861.23,8955.46
-477.24,-382.79,-288.34,-193.88,-99.43,-4.98,89.47,183.92,278.38,372.83,467.28,561.73,656.18,750.64,845.09,939.54,1033.99,1128.44,1222.9,1317.35,1411.8,1506.25,1600.7,1695.16,1789.61,1884.06,1978.51,2072.97,2167.42,2261.87,2356.32,2450.77,2545.23,2639.68,2734.13,2828.58,2923.03,3017.49,3111.94,3206.39,3300.84,3395.29,3489.75,3584.2,3678.65,3773.1,3867.55,3962.01,4056.46,4150.91,4245.36,4339.81,4434.27,4528.72,4623.17,4717.62,4812.08,4906.53,5000.98,5095.43,5189.88,5284.34,5378.79,5473.24,5567.69,5662.14,5756.6,5851.05,5945.5,6039.95,6134.4,6228.86,6323.31,6417.76,6512.21,6606.66,6701.12,6795.57,6890.02,6984.47,7078.92,7173.38,7267.83,7362.28,7456.73,7551.19,7645.64,7740.09,7834.54,7928.99,8023.45,8117.9,8212.35,8306.8,8401.25,8495.71,8590.16,8684.61,8779.06,8873.51,8967.97
-486.81,-392.14,-297.48,-202.81,-108.15,-13.48,81.19,175.85,270.52,365.18,459.85,554.51,649.18,743.84,838.51,933.17,1027.84,1122.5,1217.17,1311.83,1406.5,1501.16,1595.83,1690.49,1785.16,1879.82,1974.49,2069.15,2163.82,2258.48,2353.15,2447.81,2542.48,2637.15,2731.81,2826.48,2921.14,3015.81,3110.47,3205.14,3299.8,3394.47,3489.13,3583.8,3678.46,3773.13,3867.79,3962.46,4057.12,4151.79,4246.45,4341.12,4435.78,4530.45,4625.11,4719.78,4814.44,4909.11,5003.77,5098.44,5193.11,5287.77,5382.44,5477.1,5571.77,5666.43,5761.1,5855.76,5950.43,6045.09,6139.76,6234.42,6329.09,6423.75,6518.42,6613.08,6707.75,6802.41,6897.08,6991.74,7086.41,7181.07,7275.74,7370.4,7465.07,7559.73,7654.4,7749.07,7843.73,7938.4,8033.06,8127.73,8222.39,8317.06,8411.72,8506.39,8601.05,8695.72,8790.38,8885.05,8979.71
-496.39,-401.51,-306.64,-211.77,-116.9,-22.03,72.84,167.71,262.58,357.45,452.33,547.2,642.07,736.94,831.81,926.68,1021.55,1116.42,1211.3,1306.17,1401.04,1495.91,1590.78,1685.65,1780.52,1875.39,1970.26,2065.14,2160.01,2254.88,2349.75,2444.62,2539.49,2634.36,2729.23,2824.1,2918.98,3013.85,3108.72,3203.59,3298.46,3393.33,3488.2,3583.07,3677.95,3772.82,3867.69,3962.56,4057.43,4152.3,4247.17,4342.04,4436.91,4531.79,4626.66,4721.53,4816.4,4911.27,5006.14,5101.01,5195.88,5290.75,5385.63,5480.5,5575.37,5670.24,5765.11,5859.98,5954.85,6049.72,6144.59,6239.47,6334.34,6429.21,6524.08,6618.95,6713.82,6808.69,6903.56,6998.44,7093.31,7188.18,7283.05,7377.92,7472.79,7567.66,7662.53,7757.4,7852.28,7947.15,8042.02,8136.89,8231.76,8326.63,8421.5,8516.37,8611.24,8706.12,8800.99,8895.86,8990.73
-505.98,-410.91,-315.84,-220.77,-125.7,-30.63,64.44,159.51,254.58,349.65,444.72,539.79,634.86,729.93,825,920.07,1015.14,1110.22,1205.29,1300.36,1395.43,1490.5,1585.57,1680.64,1775.71,1870.78,1965.85,2060.92,2155.99,2251.06,2346.13,2441.2,2536.27,2631.34,2726.41,2821.48,2916.55,3011.62,3106.69,3201.76,3296.83,3391.9,3486.97,3582.04,3677.11,3772.18,3867.25,3962.32,4057.39,4152.46,4247.53,4342.6,4437.67,4532.74,4627.81,4722.88,4817.95,4913.02,5008.1,5103.17,5198.24,5293.31,5388.38,5483.45,5578.52,5673.59,5768.66,5863.73,5958.8,6053.87,6148.94,6244.01,6339.08,6434.15,6529.22,6624.29,6719.36,6814.43,6909.5,7004.57,7099.64,7194.71,7289.78,7384.85,7479.92,7574.99,7670.06,7765.13,7860.2,7955.27,8050.34,8145.41,8240.48,8335.55,8430.62,8525.69,8620.76,8715.83,8810.9,8905.98,9001.05
-515.59,-420.32,-325.06,-229.8,-134.54,-39.27,55.99,151.25,246.52,341.78,437.04,532.3,627.57,722.83,818.09,913.35,1008.62,1103.88,1199.14,1294.41,1389.67,1484.93,1580.19,1675.46,1770.72,1865.98,1961.25,2056.51,2151.77,2247.03,2342.3,2437.56,2532.82,2628.08,2723.35,2818.61,2913.87,3009.14,3104.4,3199.66,3294.92,3390.19,3485.45,3580.71,3675.97,3771.24,3866.5,3961.76,4057.03,4152.29,4247.55,4342.81,4438.08,4533.34,4628.6,4723.86,4819.13,4914.39,5009.65,5104.92,5200.18,5295.44,5390.7,5485.97,5581.23,5676.49,5771.75,5867.02,5962.28,6057.54,6152.81,6248.07,6343.33,6438.59,6533.86,6629.12,6724.38,6819.65,6914.91,7010.17,7105.43,7200.7,7295.96,7391.22,7486.48,7581.75,7677.01,7772.27,7867.54,7962.8,8058.06,8153.32,8248.59,8343.85,8439.11,8534.37,8629.64,8724.9,8820.16,8915.43,9010.69
-525.21,-429.76,-334.31,-238.86,-143.41,-47.96,47.49,142.94,238.38,333.83,429.28,524.73,620.18,715.63,811.08,906.53,1001.98,1097.43,1192.87,1288.32,1383.77,1479.22,1574.67,1670.12,1765.57,1861.02,1956.47,2051.91,2147.36,2242.81,2338.26,2433.71,2529.16,2624.61,2720.06,2815.51,2910.95,3006.4,3101.85,3197.3,3292.75,3388.2,3483.65,3579.1,3674.55,3769.99,3865.44,3960.89,4056.34,4151.79,4247.24,4342.69,4438.14,4533.59,4629.03,4724.48,4819.93,4915.38,5010.83,5106.28,5201.73,5297.18,5392.63,5488.07,5583.52,5678.97,5774.42,5869.87,5965.32,6060.77,6156.22,6251.67,6347.12,6442.56,6538.01,6633.46,6728.91,6824.36,6919.81,7015.26,7110.71,7206.16,7301.6,7397.05,7492.5,7587.95,7683.4,7778.85,7874.3,7969.75,8065.2,8160.64,8256.09,8351.54,8446.99,8542.44,8637.89,8733.34,8828.79,8924.24,9019.68
-534.84,-439.21,-343.58,-247.95,-152.32,-56.69,38.94,134.56,230.19,325.82,421.45,517.08,612.71,708.34,803.97,899.6,995.22,1090.85,1186.48,1282.11,1377.74,1473.37,1569,1664.63,1760.26,1855.89,1951.51,2047.14,2142.77,2238.4,2334.03,2429.66,2525.29,2620.92,2716.55,2812.18,2907.8,3003.43,3099.06,3194.69,3290.32,3385.95,3481.58,3577.21,3672.84,3768.47,3864.09,3959.72,4055.35,4150.98,4246.61,4342.24,4437.87,4533.5,4629.13,4724.76,4820.38,4916.01,5011.64,5107.27,5202.9,5298.53,5394.16,5489.79,5585.42,5681.04,5776.67,5872.3,5967.93,6063.56,6159.19,6254.82,6350.45,6446.08,6541.71,6637.33,6732.96,6828.59,6924.22,7019.85,7115.48,7211.11,7306.74,7402.37,7498,7593.62,7689.25,7784.88,7880.51,7976.14,8071.77,8167.4,8263.03,8358.66,8454.29,8549.91,8645.54,8741.17,8836.8,8932.43,9028.06
-544.48,-448.68,-352.88,-257.07,-161.27,-65.47,30.34,126.14,221.94,317.75,413.55,509.35,605.16,700.96,796.76,892.56,988.37,1084.17,1179.97,1275.78,1371.58,1467.38,1563.19,1658.99,1754.79,1850.6,1946.4,2042.2,2138.01,2233.81,2329.61,2425.42,2521.22,2617.02,2712.83,2808.63,2904.43,3000.23,3096.04,3191.84,3287.64,3383.45,3479.25,3575.05,3670.86,3766.66,3862.46,3958.27,4054.07,4149.87,4245.68,4341.48,4437.28,4533.09,4628.89,4724.69,4820.5,4916.3,5012.1,5107.91,5203.71,5299.51,5395.31,5491.12,5586.92,5682.72,5778.53,5874.33,5970.13,6065.94,6161.74,6257.54,6353.35,6449.15,6544.95,6640.76,6736.56,6832.36,6928.17,7023.97,7119.77,7215.58,7311.38,7407.18,7502.99,7598.79,7694.59,7790.39,7886.2,7982,8077.8,8173.61,8269.41,8365.21,8461.02,8556.82,8652.62,8748.43,8844.23,8940.03,9035.84
-554.14,-458.17,-362.2,-266.22,-170.25,-74.28,21.69,117.66,213.64,309.61,405.58,501.55,597.52,693.49,789.47,885.44,981.41,1077.38,1173.35,1269.32,1365.3,1461.27,1557.24,1653.21,1749.18,1845.16,1941.13,2037.1,2133.07,2229.04,2325.01,2420.99,2516.96,2612.93,2708.9,2804.87,2900.84,2996.82,3092.79,3188.76,3284.73,3380.7,3476.68,3572.65,3668.62,3764.59,3860.56,3956.53,4052.51,4148.48,4244.45,4340.42,4436.39,4532.37,4628.34,4724.31,4820.28,4916.25,5012.22,5108.2,5204.17,5300.14,5396.11,5492.08,5588.05,5684.03,5780,5875.97,5971.94,6067.91,6163.89,6259.86,6355.83,6451.8,6547.77,6643.74,6739.72,6835.69,6931.66,7027.63,7123.6,7219.57,7315.55,7411.52,7507.49,7603.46,7699.43,7795.41,7891.38,7987.35,8083.32,8179.29,8275.26,8371.24,8467.21,8563.18,8659.15,8755.12,8851.1,8947.07,9043.04
-563.81,-467.67,-371.54,-275.4,-179.27,-83.13,13,109.14,205.27,301.41,397.54,493.68,589.81,685.95,782.08,878.22,974.35,1070.49,1166.62,1262.76,1358.89,1455.03,1551.16,1647.3,1743.43,1839.57,1935.7,2031.84,2127.97,2224.11,2320.24,2416.38,2512.51,2608.65,2704.78,2800.92,2897.05,2993.19,3089.32,3185.46,3281.59,3377.73,3473.86,3570,3666.13,3762.27,3858.4,3954.54,4050.67,4146.81,4242.94,4339.08,4435.21,4531.35,4627.48,4723.62,4819.75,4915.89,5012.02,5108.16,5204.29,5300.43,5396.56,5492.7,5588.83,5684.97,5781.1,5877.24,5973.37,6069.5,6165.64,6261.77,6357.91,6454.04,6550.18,6646.31,6742.45,6838.58,6934.72,7030.85,7126.99,7223.12,7319.26,7415.39,7511.53,7607.66,7703.8,7799.93,7896.07,7992.2,8088.34,8184.47,8280.61,8376.74,8472.88,8569.01,8665.15,8761.28,8857.42,8953.55,9049.69
-573.48,-477.19,-380.9,-284.61,-188.31,-92.02,4.27,100.57,196.86,293.15,389.45,485.74,582.03,678.32,774.62,870.91,967.2,1063.5,1159.79,1256.08,1352.37,1448.67,1544.96,1641.25,1737.55,1833.84,1930.13,2026.42,2122.72,2219.01,2315.3,2411.6,2507.89,2604.18,2700.47,2796.77,2893.06,2989.35,3085.65,3181.94,3278.23,3374.52,3470.82,3567.11,3663.4,3759.7,3855.99,3952.28,4048.58,4144.87,4241.16,4337.45,4433.75,4530.04,4626.33,4722.63,4818.92,4915.21,5011.5,5107.8,5204.09,5300.38,5396.68,5492.97,5589.26,5685.55,5781.85,5878.14,5974.43,6070.73,6167.02,6263.31,6359.6,6455.9,6552.19,6648.48,6744.78,6841.07,6937.36,7033.65,7129.95,7226.24,7322.53,7418.83,7515.12,7611.41,7707.71,7804,7900.29,7996.58,8092.88,8189.17,8285.46,8381.76,8478.05,8574.34,8670.63,8766.93,8863.22,8959.51,9055.81
-583.17,-486.73,-390.28,-293.83,-197.39,-100.94,-4.5,91.95,188.39,284.84,381.29,477.73,574.18,670.62,767.07,863.52,959.96,1056.41,1152.85,1249.3,1345.74,1442.19,1538.64,1635.08,1731.53,1827.97,1924.42,2020.87,2117.31,2213.76,2310.2,2406.65,2503.09,2599.54,2695.99,2792.43,2888.88,2985.32,3081.77,3178.22,3274.66,3371.11,3467.55,3564,3660.44,3756.89,3853.34,3949.78,4046.23,4142.67,4239.12,4335.57,4432.01,4528.46,4624.9,4721.35,4817.79,4914.24,5010.69,5107.13,5203.58,5300.02,5396.47,5492.92,5589.36,5685.81,5782.25,5878.7,5975.14,6071.59,6168.04,6264.48,6360.93,6457.37,6553.82,6650.27,6746.71,6843.16,6939.6,7036.05,7132.49,7228.94,7325.39,7421.83,7518.28,7614.72,7711.17,7807.62,7904.06,8000.51,8096.95,8193.4,8289.84,8386.29,8482.74,8579.18,8675.63,8772.07,8868.52,8964.97,9061.41
-592.87,-496.28,-399.68,-303.09,-206.49,-109.9,-13.31,83.29,179.88,276.48,373.07,469.66,566.26,662.85,759.45,856.04,952.63,1049.23,1145.82,1242.42,1339.01,1435.6,1532.2,1628.79,1725.38,1821.98,1918.57,2015.17,2111.76,2208.35,2304.95,2401.54,2498.14,2594.73,2691.32,2787.92,2884.51,2981.11,3077.7,3174.29,3270.89,3367.48,3464.08,3560.67,3657.26,3753.86,3850.45,3947.04,4043.64,4140.23,4236.83,4333.42,4430.01,4526.61,4623.2,4719.8,4816.39,4912.98,5009.58,5106.17,5202.77,5299.36,5395.95,5492.55,5589.14,5685.74,5782.33,5878.92,5975.52,6072.11,6168.71,6265.3,6361.89,6458.49,6555.08,6651.67,6748.27,6844.86,6941.46,7038.05,7134.64,7231.24,7327.83,7424.43,7521.02,7617.61,7714.21,7810.8,7907.4,8003.99,8100.58,8197.18,8293.77,8390.37,8486.96,8583.55,8680.15,8776.74,8873.34,8969.93,9066.52
-602.58,-505.84,-409.1,-312.36,-215.63,-118.89,-22.15,74.58,171.32,268.06,364.8,461.53,558.27,655.01,751.75,848.48,945.22,1041.96,1138.7,1235.43,1332.17,1428.91,1525.65,1622.38,1719.12,1815.86,1912.59,2009.33,2106.07,2202.81,2299.54,2396.28,2493.02,2589.76,2686.49,2783.23,2879.97,2976.71,3073.44,3170.18,3266.92,3363.66,3460.39,3557.13,3653.87,3750.6,3847.34,3944.08,4040.82,4137.55,4234.29,4331.03,4427.77,4524.5,4621.24,4717.98,4814.72,4911.45,5008.19,5104.93,5201.67,5298.4,5395.14,5491.88,5588.61,5685.35,5782.09,5878.83,5975.56,6072.3,6169.04,6265.78,6362.51,6459.25,6555.99,6652.73,6749.46,6846.2,6942.94,7039.68,7136.41,7233.15,7329.89,7426.62,7523.36,7620.1,7716.84,7813.57,7910.31,8007.05,8103.79,8200.52,8297.26,8394,8490.74,8587.47,8684.21,8780.95,8877.69,8974.42,9071.16
-612.29,-515.42,-418.54,-321.66,-224.79,-127.91,-31.04,65.84,162.72,259.59,356.47,453.35,550.22,647.1,743.98,840.85,937.73,1034.6,1131.48,1228.36,1325.23,1422.11,1518.99,1615.86,1712.74,1809.61,1906.49,2003.37,2100.24,2197.12,2294,2390.87,2487.75,2584.63,2681.5,2778.38,2875.25,2972.13,3069.01,3165.88,3262.76,3359.64,3456.51,3553.39,3650.27,3747.14,3844.02,3940.89,4037.77,4134.65,4231.52,4328.4,4425.28,4522.15,4619.03,4715.9,4812.78,4909.66,5006.53,5103.41,5200.29,5297.16,5394.04,5490.92,5587.79,5684.67,5781.54,5878.42,5975.3,6072.17,6169.05,6265.93,6362.8,6459.68,6556.55,6653.43,6750.31,6847.18,6944.06,7040.94,7137.81,7234.69,7331.57,7428.44,7525.32,7622.19,7719.07,7815.95,7912.82,8009.7,8106.58,8203.45,8300.33,8397.21,8494.08,8590.96,8687.83,8784.71,8881.59,8978.46,9075.34
-622.02,-525.01,-428,-330.99,-233.97,-136.96,-39.95,57.06,154.07,251.08,348.09,445.1,542.11,639.12,736.14,833.15,930.16,1027.17,1124.18,1221.19,1318.2,1415.21,1512.22,1609.23,1706.24,1803.26,1900.27,1997.28,2094.29,2191.3,2288.31,2385.32,2482.33,2579.34,2676.35,2773.37,2870.38,2967.39,3064.4,3161.41,3258.42,3355.43,3452.44,3549.45,3646.46,3743.47,3840.49,3937.5,4034.51,4131.52,4228.53,4325.54,4422.55,4519.56,4616.57,4713.58,4810.6,4907.61,5004.62,5101.63,5198.64,5295.65,5392.66,5489.67,5586.68,5683.69,5780.7,5877.72,5974.73,6071.74,6168.75,6265.76,6362.77,6459.78,6556.79,6653.8,6750.81,6847.83,6944.84,7041.85,7138.86,7235.87,7332.88,7429.89,7526.9,7623.91,7720.92,7817.94,7914.95,8011.96,8108.97,8205.98,8302.99,8400,8497.01,8594.02,8691.03,8788.04,8885.06,8982.07,9079.08
-631.75,-534.61,-437.47,-340.33,-243.19,-146.05,-48.9,48.24,145.38,242.52,339.66,436.8,533.94,631.09,728.23,825.37,922.51,1019.65,1116.79,1213.93,1311.08,1408.22,1505.36,1602.5,1699.64,1796.78,1893.92,1991.07,2088.21,2185.35,2282.49,2379.63,2476.77,2573.91,2671.06,2768.2,2865.34,2962.48,3059.62,3156.76,3253.9,3351.05,3448.19,3545.33,3642.47,3739.61,3836.75,3933.9,4031.04,4128.18,4225.32,4322.46,4419.6,4516.74,4613.89,4711.03,4808.17,4905.31,5002.45,5099.59,5196.73,5293.88,5391.02,5488.16,5585.3,5682.44,5779.58,5876.72,5973.87,6071.01,6168.15,6265.29,6362.43,6459.57,6556.71,6653.86,6751,6848.14,6945.28,7042.42,7139.56,7236.7,7333.85,7430.99,7528.13,7625.27,7722.41,7819.55,7916.69,8013.84,8110.98,8208.12,8305.26,8402.4,8499.54,8596.68,8693.83,8790.97,8888.11,8985.25,9082.39
-641.49,-544.23,-446.96,-349.69,-252.42,-155.15,-57.89,39.38,136.65,233.92,331.18,428.45,525.72,622.99,720.26,817.52,914.79,1012.06,1109.33,1206.6,1303.86,1401.13,1498.4,1595.67,1692.94,1790.2,1887.47,1984.74,2082.01,2179.27,2276.54,2373.81,2471.08,2568.35,2665.61,2762.88,2860.15,2957.42,3054.69,3151.95,3249.22,3346.49,3443.76,3541.02,3638.29,3735.56,3832.83,3930.1,4027.36,4124.63,4221.9,4319.17,4416.44,4513.7,4610.97,4708.24,4805.51,4902.78,5000.04,5097.31,5194.58,5291.85,5389.11,5486.38,5583.65,5680.92,5778.19,5875.45,5972.72,6069.99,6167.26,6264.53,6361.79,6459.06,6556.33,6653.6,6750.86,6848.13,6945.4,7042.67,7139.94,7237.2,7334.47,7431.74,7529.01,7626.28,7723.54,7820.81,7918.08,8015.35,8112.62,8209.88,8307.15,8404.42,8501.69,8598.95,8696.22,8793.49,8890.76,8988.03,9085.29
-651.24,-553.85,-456.46,-359.07,-261.68,-164.29,-66.9,30.49,127.88,225.27,322.66,420.05,517.44,614.83,712.22,809.61,907,1004.39,1101.78,1199.17,1296.57,1393.96,1491.35,1588.74,1686.13,1783.52,1880.91,1978.3,2075.69,2173.08,2270.47,2367.86,2465.25,2562.64,2660.03,2757.42,2854.81,2952.2,3049.59,3146.98,3244.37,3341.76,3439.16,3536.55,3633.94,3731.33,3828.72,3926.11,4023.5,4120.89,4218.28,4315.67,4413.06,4510.45,4607.84,4705.23,4802.62,4900.01,4997.4,5094.79,5192.18,5289.57,5386.96,5484.35,5581.75,5679.14,5776.53,5873.92,5971.31,6068.7,6166.09,6263.48,6360.87,6458.26,6555.65,6653.04,6750.43,6847.82,6945.21,7042.6,7139.99,7237.38,7334.77,7432.16,7529.55,7626.94,7724.34,7821.73,7919.12,8016.51,8113.9,8211.29,8308.68,8406.07,8503.46,8600.85,8698.24,8795.63,8893.02,8990.41,9087.8
-661,-563.49,-465.98,-368.47,-270.96,-173.45,-75.95,21.56,119.07,216.58,314.09,411.6,509.11,606.62,704.13,801.64,899.15,996.66,1094.17,1191.68,1289.18,1386.69,1484.2,1581.71,1679.22,1776.73,1874.24,1971.75,2069.26,2166.77,2264.28,2361.79,2459.3,2556.81,2654.31,2751.82,2849.33,2946.84,3044.35,3141.86,3239.37,3336.88,3434.39,3531.9,3629.41,3726.92,3824.43,3921.94,4019.44,4116.95,4214.46,4311.97,4409.48,4506.99,4604.5,4702.01,4799.52,4897.03,4994.54,5092.05,5189.56,5287.07,5384.57,5482.08,5579.59,5677.1,5774.61,5872.12,5969.63,6067.14,6164.65,6262.16,6359.67,6457.18,6554.69,6652.2,6749.7,6847.21,6944.72,7042.23,7139.74,7237.25,7334.76,7432.27,7529.78,7627.29,7724.8,7822.31,7919.82,8017.33,8114.83,8212.34,8309.85,8407.36,8504.87,8602.38,8699.89,8797.4,8894.91,8992.42,9089.93
-670.77,-573.14,-475.52,-377.89,-280.27,-182.64,-85.02,12.61,110.23,207.85,305.48,403.1,500.73,598.35,695.98,793.6,891.23,988.85,1086.48,1184.1,1281.72,1379.35,1476.97,1574.6,1672.22,1769.85,1867.47,1965.1,2062.72,2160.34,2257.97,2355.59,2453.22,2550.84,2648.47,2746.09,2843.72,2941.34,3038.97,3136.59,3234.21,3331.84,3429.46,3527.09,3624.71,3722.34,3819.96,3917.59,4015.21,4112.84,4210.46,4308.08,4405.71,4503.33,4600.96,4698.58,4796.21,4893.83,4991.46,5089.08,5186.71,5284.33,5381.95,5479.58,5577.2,5674.83,5772.45,5870.08,5967.7,6065.33,6162.95,6260.57,6358.2,6455.82,6553.45,6651.07,6748.7,6846.32,6943.95,7041.57,7139.2,7236.82,7334.44,7432.07,7529.69,7627.32,7724.94,7822.57,7920.19,8017.82,8115.44,8213.07,8310.69,8408.31,8505.94,8603.56,8701.19,8798.81,8896.44,8994.06,9091.69
-680.54,-582.8,-485.07,-387.33,-289.59,-191.86,-94.12,3.62,101.35,199.09,296.82,394.56,492.3,590.03,687.77,785.51,883.24,980.98,1078.71,1176.45,1274.19,1371.92,1469.66,1567.4,1665.13,1762.87,1860.6,1958.34,2056.08,2153.81,2251.55,2349.29,2447.02,2544.76,2642.5,2740.23,2837.97,2935.7,3033.44,3131.18,3228.91,3326.65,3424.39,3522.12,3619.86,3717.59,3815.33,3913.07,4010.8,4108.54,4206.28,4304.01,4401.75,4499.48,4597.22,4694.96,4792.69,4890.43,4988.17,5085.9,5183.64,5281.37,5379.11,5476.85,5574.58,5672.32,5770.06,5867.79,5965.53,6063.26,6161,6258.74,6356.47,6454.21,6551.95,6649.68,6747.42,6845.15,6942.89,7040.63,7138.36,7236.1,7333.84,7431.57,7529.31,7627.04,7724.78,7822.52,7920.25,8017.99,8115.73,8213.46,8311.2,8408.94,8506.67,8604.41,8702.14,8799.88,8897.62,8995.35,9093.09
-690.32,-592.47,-494.63,-396.78,-298.94,-201.09,-103.25,-5.4,92.44,190.28,288.13,385.97,483.82,581.66,679.51,777.35,875.2,973.04,1070.89,1168.73,1266.58,1364.42,1462.27,1560.11,1657.95,1755.8,1853.64,1951.49,2049.33,2147.18,2245.02,2342.87,2440.71,2538.56,2636.4,2734.25,2832.09,2929.94,3027.78,3125.62,3223.47,3321.31,3419.16,3517,3614.85,3712.69,3810.54,3908.38,4006.23,4104.07,4201.92,4299.76,4397.61,4495.45,4593.29,4691.14,4788.98,4886.83,4984.67,5082.52,5180.36,5278.21,5376.05,5473.9,5571.74,5669.59,5767.43,5865.28,5963.12,6060.96,6158.81,6256.65,6354.5,6452.34,6550.19,6648.03,6745.88,6843.72,6941.57,7039.41,7137.26,7235.1,7332.95,7430.79,7528.63,7626.48,7724.32,7822.17,7920.01,8017.86,8115.7,8213.55,8311.39,8409.24,8507.08,8604.93,8702.77,8800.61,8898.46,8996.3,9094.15
-700.1,-602.15,-504.2,-406.25,-308.3,-210.35,-112.4,-14.45,83.5,181.45,279.4,377.35,475.3,573.24,671.19,769.14,867.09,965.04,1062.99,1160.94,1258.89,1356.84,1454.79,1552.74,1650.69,1748.64,1846.59,1944.54,2042.49,2140.44,2238.39,2336.34,2434.29,2532.24,2630.19,2728.14,2826.09,2924.04,3021.99,3119.94,3217.89,3315.84,3413.79,3511.74,3609.69,3707.64,3805.59,3903.54,4001.49,4099.44,4197.39,4295.34,4393.29,4491.24,4589.19,4687.14,4785.09,4883.04,4980.99,5078.94,5176.89,5274.84,5372.79,5470.73,5568.68,5666.63,5764.58,5862.53,5960.48,6058.43,6156.38,6254.33,6352.28,6450.23,6548.18,6646.13,6744.08,6842.03,6939.98,7037.93,7135.88,7233.83,7331.78,7429.73,7527.68,7625.63,7723.58,7821.53,7919.48,8017.43,8115.38,8213.33,8311.28,8409.23,8507.18,8605.13,8703.08,8801.03,8898.98,8996.93,9094.88
-709.89,-611.84,-513.79,-415.74,-317.69,-219.64,-121.58,-23.53,74.52,172.57,270.62,368.68,466.73,564.78,662.83,760.88,858.93,956.99,1055.04,1153.09,1251.14,1349.19,1447.25,1545.3,1643.35,1741.4,1839.45,1937.5,2035.56,2133.61,2231.66,2329.71,2427.76,2525.82,2623.87,2721.92,2819.97,2918.02,3016.07,3114.13,3212.18,3310.23,3408.28,3506.33,3604.39,3702.44,3800.49,3898.54,3996.59,4094.64,4192.7,4290.75,4388.8,4486.85,4584.9,4682.96,4781.01,4879.06,4977.11,5075.16,5173.21,5271.27,5369.32,5467.37,5565.42,5663.47,5761.52,5859.58,5957.63,6055.68,6153.73,6251.78,6349.84,6447.89,6545.94,6643.99,6742.04,6840.09,6938.15,7036.2,7134.25,7232.3,7330.35,7428.41,7526.46,7624.51,7722.56,7820.61,7918.66,8016.72,8114.77,8212.82,8310.87,8408.92,8506.98,8605.03,8703.08,8801.13,8899.18,8997.23,9095.29
-719.69,-621.54,-523.39,-425.24,-327.09,-228.94,-130.79,-32.64,65.51,163.66,261.82,359.97,458.12,556.27,654.42,752.57,850.72,948.87,1047.02,1145.17,1243.32,1341.47,1439.62,1537.78,1635.93,1734.08,1832.23,1930.38,2028.53,2126.68,2224.83,2322.98,2421.13,2519.28,2617.43,2715.59,2813.74,2911.89,3010.04,3108.19,3206.34,3304.49,3402.64,3500.79,3598.94,3697.09,3795.24,3893.39,3991.55,4089.7,4187.85,4286,4384.15,4482.3,4580.45,4678.6,4776.75,4874.9,4973.05,5071.2,5169.35,5267.51,5365.66,5463.81,5561.96,5660.11,5758.26,5856.41,5954.56,6052.71,6150.86,6249.01,6347.16,6445.32,6543.47,6641.62,6739.77,6837.92,6936.07,7034.22,7132.37,7230.52,7328.67,7426.82,7524.97,7623.12,7721.28,7819.43,7917.58,8015.73,8113.88,8212.03,8310.18,8408.33,8506.48,8604.63,8702.78,8800.93,8899.08,8997.24,9095.39
-729.5,-631.25,-533,-434.76,-336.51,-238.26,-140.02,-41.77,56.48,154.73,252.97,351.22,449.47,547.71,645.96,744.21,842.45,940.7,1038.95,1137.19,1235.44,1333.69,1431.93,1530.18,1628.43,1726.67,1824.92,1923.17,2021.42,2119.66,2217.91,2316.16,2414.4,2512.65,2610.9,2709.14,2807.39,2905.64,3003.88,3102.13,3200.38,3298.62,3396.87,3495.12,3593.36,3691.61,3789.86,3888.11,3986.35,4084.6,4182.85,4281.09,4379.34,4477.59,4575.83,4674.08,4772.33,4870.57,4968.82,5067.07,5165.31,5263.56,5361.81,5460.05,5558.3,5656.55,5754.79,5853.04,5951.29,6049.54,6147.78,6246.03,6344.28,6442.52,6540.77,6639.02,6737.26,6835.51,6933.76,7032,7130.25,7228.5,7326.74,7424.99,7523.24,7621.48,7719.73,7817.98,7916.23,8014.47,8112.72,8210.97,8309.21,8407.46,8505.71,8603.95,8702.2,8800.45,8898.69,8996.94,9095.19
-739.31,-640.97,-542.63,-444.29,-345.95,-247.61,-149.27,-50.93,47.41,145.75,244.09,342.43,440.77,539.11,637.45,735.79,834.13,932.47,1030.82,1129.16,1227.5,1325.84,1424.18,1522.52,1620.86,1719.2,1817.54,1915.88,2014.22,2112.56,2210.9,2309.24,2407.58,2505.92,2604.26,2702.6,2800.94,2899.28,2997.62,3095.96,3194.3,3292.64,3390.98,3489.32,3587.66,3686,3784.34,3882.68,3981.02,4079.36,4177.7,4276.04,4374.38,4472.72,4571.06,4669.4,4767.74,4866.08,4964.42,5062.76,5161.1,5259.44,5357.78,5456.12,5554.46,5652.8,5751.14,5849.48,5947.82,6046.16,6144.5,6242.84,6341.18,6439.52,6537.86,6636.2,6734.54,6832.88,6931.22,7029.56,7127.9,7226.24,7324.58,7422.92,7521.26,7619.6,7717.94,7816.28,7914.62,8012.96,8111.3,8209.64,8307.98,8406.32,8504.66,8603,8701.34,8799.68,8898.02,8996.36,9094.7
-749.12,-650.69,-552.26,-453.83,-355.4,-256.97,-158.54,-60.11,38.32,136.75,235.18,333.61,432.05,530.48,628.91,727.34,825.77,924.2,1022.63,1121.06,1219.49,1317.92,1416.35,1514.78,1613.21,1711.64,1810.07,1908.5,2006.93,2105.36,2203.8,2302.23,2400.66,2499.09,2597.52,2695.95,2794.38,2892.81,2991.24,3089.67,3188.1,3286.53,3384.96,3483.39,3581.82,3680.25,3778.68,3877.11,3975.54,4073.98,4172.41,4270.84,4369.27,4467.7,4566.13,4664.56,4762.99,4861.42,4959.85,5058.28,5156.71,5255.14,5353.57,5452,5550.43,5648.86,5747.29,5845.73,5944.16,6042.59,6141.02,6239.45,6337.88,6436.31,6534.74,6633.17,6731.6,6830.03,6928.46,7026.89,7125.32,7223.75,7322.18,7420.61,7519.04,7617.48,7715.91,7814.34,7912.77,8011.2,8109.63,8208.06,8306.49,8404.92,8503.35,8601.78,8700.21,8798.64,8897.07,8995.5,9093.93
-758.94,-660.42,-561.91,-463.39,-364.87,-266.35,-167.83,-69.31,29.21,127.72,226.24,324.76,423.28,521.8,620.32,718.83,817.35,915.87,1014.39,1112.91,1211.43,1309.94,1408.46,1506.98,1605.5,1704.02,1802.54,1901.05,1999.57,2098.09,2196.61,2295.13,2393.65,2492.16,2590.68,2689.2,2787.72,2886.24,2984.76,3083.28,3181.79,3280.31,3378.83,3477.35,3575.87,3674.39,3772.9,3871.42,3969.94,4068.46,4166.98,4265.5,4364.01,4462.53,4561.05,4659.57,4758.09,4856.61,4955.12,5053.64,5152.16,5250.68,5349.2,5447.72,5546.24,5644.75,5743.27,5841.79,5940.31,6038.83,6137.35,6235.86,6334.38,6432.9,6531.42,6629.94,6728.46,6826.97,6925.49,7024.01,7122.53,7221.05,7319.57,7418.08,7516.6,7615.12,7713.64,7812.16,7910.68,8009.19,8107.71,8206.23,8304.75,8403.27,8501.79,8600.31,8698.82,8797.34,8895.86,8994.38,9092.9
-768.77,-670.16,-571.56,-472.96,-374.35,-275.75,-177.15,-78.54,20.06,118.67,217.27,315.87,414.48,513.08,611.68,710.29,808.89,907.49,1006.1,1104.7,1203.31,1301.91,1400.51,1499.12,1597.72,1696.32,1794.93,1893.53,1992.14,2090.74,2189.34,2287.95,2386.55,2485.15,2583.76,2682.36,2780.96,2879.57,2978.17,3076.78,3175.38,3273.98,3372.59,3471.19,3569.79,3668.4,3767,3865.6,3964.21,4062.81,4161.42,4260.02,4358.62,4457.23,4555.83,4654.43,4753.04,4851.64,4950.25,5048.85,5147.45,5246.06,5344.66,5443.26,5541.87,5640.47,5739.07,5837.68,5936.28,6034.89,6133.49,6232.09,6330.7,6429.3,6527.9,6626.51,6725.11,6823.72,6922.32,7020.92,7119.53,7218.13,7316.73,7415.34,7513.94,7612.54,7711.15,7809.75,7908.36,8006.96,8105.56,8204.17,8302.77,8401.37,8499.98,8598.58,8697.19,8795.79,8894.39,8993,9091.6
-778.6,-679.91,-581.23,-482.54,-383.85,-285.17,-186.48,-87.79,10.89,109.58,208.27,306.95,405.64,504.33,603.01,701.7,800.38,899.07,997.76,1096.44,1195.13,1293.82,1392.5,1491.19,1589.88,1688.56,1787.25,1885.94,1984.62,2083.31,2182,2280.68,2379.37,2478.06,2576.74,2675.43,2774.11,2872.8,2971.49,3070.17,3168.86,3267.55,3366.23,3464.92,3563.61,3662.29,3760.98,3859.67,3958.35,4057.04,4155.73,4254.41,4353.1,4451.79,4550.47,4649.16,4747.84,4846.53,4945.22,5043.9,5142.59,5241.28,5339.96,5438.65,5537.34,5636.02,5734.71,5833.4,5932.08,6030.77,6129.46,6228.14,6326.83,6425.52,6524.2,6622.89,6721.57,6820.26,6918.95,7017.63,7116.32,7215.01,7313.69,7412.38,7511.07,7609.75,7708.44,7807.13,7905.81,8004.5,8103.19,8201.87,8300.56,8399.25,8497.93,8596.62,8695.3,8793.99,8892.68,8991.36,9090.05
-788.43,-689.67,-590.9,-492.13,-393.37,-294.6,-195.83,-97.07,1.7,100.47,199.23,298,396.77,495.54,594.3,693.07,791.84,890.6,989.37,1088.14,1186.9,1285.67,1384.44,1483.2,1581.97,1680.74,1779.51,1878.27,1977.04,2075.81,2174.57,2273.34,2372.11,2470.87,2569.64,2668.41,2767.17,2865.94,2964.71,3063.47,3162.24,3261.01,3359.78,3458.54,3557.31,3656.08,3754.84,3853.61,3952.38,4051.14,4149.91,4248.68,4347.44,4446.21,4544.98,4643.75,4742.51,4841.28,4940.05,5038.81,5137.58,5236.35,5335.11,5433.88,5532.65,5631.41,5730.18,5828.95,5927.72,6026.48,6125.25,6224.02,6322.78,6421.55,6520.32,6619.08,6717.85,6816.62,6915.38,7014.15,7112.92,7211.69,7310.45,7409.22,7507.99,7606.75,7705.52,7804.29,7903.05,8001.82,8100.59,8199.35,8298.12,8396.89,8495.66,8594.42,8693.19,8791.96,8890.72,8989.49,9088.26
-798.28,-699.43,-600.59,-501.74,-402.9,-304.05,-205.21,-106.36,-7.52,91.33,190.17,289.02,387.86,486.71,585.55,684.4,783.24,882.09,980.93,1079.78,1178.63,1277.47,1376.32,1475.16,1574.01,1672.85,1771.7,1870.54,1969.39,2068.23,2167.08,2265.92,2364.77,2463.61,2562.46,2661.3,2760.15,2858.99,2957.84,3056.68,3155.53,3254.37,3353.22,3452.06,3550.91,3649.75,3748.6,3847.44,3946.29,4045.13,4143.98,4242.82,4341.67,4440.51,4539.36,4638.2,4737.05,4835.89,4934.74,5033.58,5132.43,5231.27,5330.12,5428.96,5527.81,5626.65,5725.5,5824.34,5923.19,6022.03,6120.88,6219.72,6318.57,6417.41,6516.26,6615.1,6713.95,6812.79,6911.64,7010.48,7109.33,7208.17,7307.02,7405.86,7504.71,7603.55,7702.4,7801.24,7900.09,7998.93,8097.78,8196.62,8295.47,8394.31,8493.16,8592,8690.85,8789.69,8888.54,8987.38,9086.23
